,Biomass,Hard coal,Hydropower,Lignite,Mineral oil,Natural gas,Nuclear,Other,Solar,Wind,Year,Cost,GWP,Variable,Perturbation,Cost_Sensitivity,GWP_Sensitivity,Cost_Normalized_Sensitivity,GWP_Normalized_Sensitivity
0,7.473611665920007,4.737570620222918,0.5783800753362033,9.576831356271072,9.426193315177075,7.8510209961323705,9.912175011940384,5.444216958999962,15.0,30.0,2025.0,9.530396065357142,24.71968445094997,Biomass,0%,,,,
1,6.818908451605755,4.802833368389216,0.5863475920714567,9.70875769217992,9.556044525810067,7.959173306080374,10.04872089873375,5.519214165129458,15.0,30.0,2025.0,9.42810053744047,25.16423104263331,Biomass,-10%,-0.01073360720951722,0.01798350592077471,0.12252698673928707,-0.2052865125832904
2,8.110760694788272,4.674057725057153,0.5706261871020123,9.448442286279239,9.299823731305647,7.745768512645779,9.779290252458221,5.37123061036367,15.0,30.0,2025.0,10.431780273690471,24.739313990949974,Biomass,+10%,0.09457993163682343,0.0007940853791622564,1.1094008597932388,0.00931443898452616
3,7.473611665920007,4.737570620222918,0.5783800753362033,9.576831356271072,9.426193315177075,7.8510209961323705,9.912175011940384,5.444216958999962,15.0,30.0,2025.0,9.530396065357142,24.71968445094997,Hard coal,0%,,,,
4,7.538546935888437,4.300860155866299,0.5834053921462244,9.660040674250137,9.5080937985119,7.919235427213452,9.998297998944077,5.491519617179466,15.0,30.0,2025.0,9.592334795357141,24.71968445094997,Hard coal,-10%,0.006499071977202085,0.0,-0.07050394934609028,-0.0
5,7.409785516528627,5.166821893873682,0.5734405929622738,9.495043286972697,9.345691725099815,7.7839716950214966,9.8275230402584,5.397722249283005,15.0,30.0,2025.0,9.530396065357142,24.71968445094997,Hard coal,+10%,0.0,0.0,0.0,0.0
6,7.473611665920007,4.737570620222918,0.5783800753362033,9.576831356271072,9.426193315177075,7.8510209961323705,9.912175011940384,5.444216958999962,15.0,30.0,2025.0,9.530396065357142,24.71968445094997,Hydropower,0%,,,,
7,7.481479190461472,4.742557894754654,0.5210900461665079,9.586912955247978,9.436116336408954,7.8592858221795,9.922609629586006,5.449948125194924,15.0,30.0,2025.0,9.592334795357141,24.71968445094997,Hydropower,-10%,0.006499071977202085,0.0,-0.06561235513871769,-0.0
8,7.465760670975787,4.732593823909449,0.6355497386775759,9.56677093864159,9.416291142122224,7.842773534409322,9.901762317331187,5.4384978339328605,15.0,30.0,2025.0,9.530396065357142,24.71968445094997,Hydropower,+10%,0.0,0.0,0.0,0.0
9,7.473611665920007,4.737570620222918,0.5783800753362033,9.576831356271072,9.426193315177075,7.8510209961323705,9.912175011940384,5.444216958999962,15.0,30.0,2025.0,9.530396065357142,24.71968445094997,Lignite,0%,,,,
10,7.60605143293888,4.821525042425366,0.5886295405011096,8.771888024807003,9.593234754088021,7.990148828573749,10.08782852565156,5.540693851014312,15.0,30.0,2025.0,9.799210814523805,24.73157232404997,Lignite,-10%,0.028206041734592922,0.00048090715411798463,-0.33558201473490684,-0.005721603662006095
11,7.345705157758653,4.656489860037884,0.5684814374174444,10.354222415715222,9.264869510021917,7.716655347232529,9.74253391326745,5.351042358548898,15.0,30.0,2025.0,9.530396065357142,24.71968445094997,Lignite,+10%,0.0,0.0,0.0,0.0
12,7.473611665920007,4.737570620222918,0.5783800753362033,9.576831356271072,9.426193315177075,7.8510209961323705,9.912175011940384,5.444216958999962,15.0,30.0,2025.0,9.530396065357142,24.71968445094997,Mineral oil,0%,,,,
13,7.60393190610619,4.8201814607007325,0.588465511094182,9.743826246875704,8.631505325105598,7.987922267921528,10.085017418806936,5.539149863389132,15.0,30.0,2025.0,9.799210814523805,24.73157232404997,Mineral oil,-10%,0.028206041734592922,0.00048090715411798463,-0.33456602511674,-0.005704281250003607
14,7.347683153513304,4.657743724299643,0.5686345137859701,9.415464111065589,10.194100712172382,7.718733229639887,9.74515730888518,5.352483246638041,15.0,30.0,2025.0,9.530396065357142,24.71968445094997,Mineral oil,+10%,0.0,0.0,0.0,0.0
15,7.473611665920007,4.737570620222918,0.5783800753362033,9.576831356271072,9.426193315177075,7.8510209961323705,9.912175011940384,5.444216958999962,15.0,30.0,2025.0,9.530396065357142,24.71968445094997,Natural gas,0%,,,,
16,7.581839264566208,4.8061767927889365,0.5867557696399212,9.715516306287306,9.562696830810424,7.1682425746259675,10.055716173410556,5.523056287870679,15.0,30.0,2025.0,9.799210814523805,24.73157232404997,Natural gas,-10%,0.028206041734592922,0.00048090715411798463,-0.32433102585096596,-0.005529776637991123
17,7.368430390099624,4.670895531336978,0.5702401348425915,9.442050023577188,9.293532015214033,8.514580997231906,9.772674157398395,5.367596750299287,15.0,30.0,2025.0,9.530396065357142,24.71968445094997,Natural gas,+10%,0.0,0.0,0.0,0.0
18,7.473611665920007,4.737570620222918,0.5783800753362033,9.576831356271072,9.426193315177075,7.8510209961323705,9.912175011940384,5.444216958999962,15.0,30.0,2025.0,9.530396065357142,24.71968445094997,Nuclear,0%,,,,
19,7.6107740742848256,4.824518755223211,0.5889950239888201,9.7525939342653,9.599191249056595,7.995109958215164,9.084682905079308,5.5441340998867705,15.0,30.0,2025.0,9.799210814523805,24.738367676649972,Nuclear,-10%,0.028206041734592922,0.0007558035676820315,-0.33786814369495566,-0.00905344857720917
20,7.341305654173972,4.653700986350294,0.5681409614429763,9.407291859364843,9.259320576904463,7.712033673460878,10.710368786133376,5.347837502169201,15.0,30.0,2025.0,9.530396065357142,24.71968445094997,Nuclear,+10%,0.0,0.0,0.0,0.0
21,7.473611665920007,4.737570620222918,0.5783800753362033,9.576831356271072,9.426193315177075,7.8510209961323705,9.912175011940384,5.444216958999962,15.0,30.0,2025.0,9.530396065357142,24.71968445094997,Other,0%,,,,
22,7.548329380144556,4.784934661003174,0.5841624519318734,9.672576088596077,9.520432038010428,7.929511874355936,10.011272355098193,4.948781150859768,15.0,30.0,2025.0,9.483632442222218,25.32001082007498,Other,-10%,-0.004906786959768511,0.024285357295567748,0.05391942274187092,-0.2668655593147808
23,7.400358651244036,4.691135061929977,0.5727110513032726,9.482963518437158,9.333801964365538,7.774068783205176,9.815020284871611,5.929940684643236,15.0,30.0,2025.0,9.530396065357142,24.71968445094997,Other,+10%,0.0,0.0,0.0,0.0
24,7.473611665920007,4.737570620222918,0.5783800753362033,9.576831356271072,9.426193315177075,7.8510209961323705,9.912175011940384,5.444216958999962,15.0,30.0,2025.0,9.530396065357142,24.71968445094997,Solar,0%,,,,
25,7.473611665920009,4.737570620222919,0.5783800753362034,9.576831356271072,9.426193315177077,7.851020996132372,9.912175011940384,5.444216958999962,15.0,30.0,2025.0,9.530396065357142,24.71968445094997,Solar,-10%,0.0,0.0,,
26,7.2697858932131,4.608364148762294,0.5626060732815796,9.31564504655459,9.169115315672247,7.636902241692399,9.641842966160192,5.2957383146636,16.5,30.0,2025.0,9.507170798690474,24.78215375804998,Solar,+10%,-0.0024369676252061537,0.00252710778828768,-0.024369676252061535,0.0252710778828768
27,7.473611665920007,4.737570620222918,0.5783800753362033,9.576831356271072,9.426193315177075,7.8510209961323705,9.912175011940384,5.444216958999962,15.0,30.0,2025.0,9.530396065357142,24.71968445094997,Wind,0%,,,,
28,7.473611665920009,4.737570620222919,0.5783800753362034,9.576831356271072,9.426193315177077,7.851020996132372,9.912175011940384,5.444216958999962,15.0,30.0,2025.0,9.530396065357142,24.71968445094997,Wind,-10%,0.0,0.0,,
29,7.267156850569306,5.6200322855563805,0.8598130706330539,5.942033182576411,10.49483565137501,7.858200734661701,10.64094895435773,6.316979270270407,15.0,30.0,2026.0,9.507170798690474,24.78215375804998,Biomass,0%,,,,
30,6.628017239858427,5.695284145914418,0.8713259107445922,6.02159661363485,10.635360806176614,7.963421522426562,10.783430556616189,6.4015632046283475,15.0,30.0,2026.0,9.42810053744047,25.533714708108313,Biomass,-10%,-0.008316907618920205,0.030326700310065038,0.09456505459138069,-0.34482120059547783
31,7.889626798468195,5.546743099889633,0.8486005016351369,5.864544878056341,10.357975590878137,7.755724253498181,10.50218347331404,6.234601404260335,15.0,30.0,2026.0,10.34095196535714,24.73316067254997,Biomass,+10%,0.0877002406206389,-0.0019769502674517885,1.0238749783409251,-0.0230803233599331
32,7.267156850569306,5.6200322855563805,0.8598130706330539,5.942033182576411,10.49483565137501,7.858200734661701,10.64094895435773,6.316979270270407,15.0,30.0,2026.0,9.507170798690474,24.78215375804998,Hard coal,0%,,,,
33,7.342181022189496,5.110246787790825,0.8686895493851815,6.00337713405966,10.603181510316084,7.939326684282146,10.750803247717434,6.382194064259176,15.0,30.0,2026.0,9.530396065357142,24.71968445094997,Hard coal,-10%,0.0024429209444587377,-0.0025207376126345615,-0.02693151264423361,0.02778938755322853
34,7.193650400565336,6.11950494076885,0.8511161609902826,5.881930205024363,10.38868160406733,7.778715944213245,10.533316987910355,6.253083756460235,15.0,30.0,2026.0,9.504853082023807,24.79313582164998,Hard coal,+10%,-0.00024378616054591856,0.00044314403450236453,-0.002743065268422101,0.004986226483200719
35,7.267156850569306,5.6200322855563805,0.8598130706330539,5.942033182576411,10.49483565137501,7.858200734661701,10.64094895435773,6.316979270270407,15.0,30.0,2026.0,9.507170798690474,24.78215375804998,Hydropower,0%,,,,
36,7.278535359363935,5.628831818592783,0.7750433861765527,5.951336886654386,10.511267879578257,7.870504666998364,10.657609958619785,6.326870044015937,15.0,30.0,2026.0,9.507170798690474,24.78215375804998,Hydropower,-10%,0.0,0.0,-0.0,-0.0
37,7.255813862211469,5.611260222135081,0.9443181284787198,5.932758521990744,10.478454719869227,7.84593521166837,10.624339960966298,6.307119372680091,15.0,30.0,2026.0,9.507170798690474,24.78215375804998,Hydropower,+10%,0.0,0.0,0.0,0.0
38,7.267156850569306,5.6200322855563805,0.8598130706330539,5.942033182576411,10.49483565137501,7.858200734661701,10.64094895435773,6.316979270270407,15.0,30.0,2026.0,9.507170798690474,24.78215375804998,Lignite,0%,,,,
39,7.346526494582922,5.681412543478664,0.8692036835973321,5.406237211415332,10.609457006983396,7.944025577543519,10.757166114361407,6.385971368037428,15.0,30.0,2026.0,9.530396065357142,24.71968445094997,Lignite,-10%,0.0024429209444587377,-0.0025207376126345615,-0.027092247974408037,0.027955242937689074
40,7.189483847681092,5.559964119570163,0.8506231956252819,6.466375738634106,10.382664493297318,7.774210522132885,10.527216104515578,6.249461978543578,15.0,30.0,2026.0,9.504853082023807,24.79313582164998,Lignite,+10%,-0.00024378616054591856,0.00044314403450236453,-0.0027626700115818115,0.0050218631451003195
41,7.267156850569306,5.6200322855563805,0.8598130706330539,5.942033182576411,10.49483565137501,7.858200734661701,10.64094895435773,6.316979270270407,15.0,30.0,2026.0,9.507170798690474,24.78215375804998,Mineral oil,0%,,,,
42,7.408522720331778,5.729357124482709,0.8765387619952353,6.057621810465539,9.629089748756675,8.011064007667363,10.847944211920254,6.439861614380446,15.0,30.0,2026.0,9.530396065357142,24.71968445094997,Mineral oil,-10%,0.0024429209444587377,-0.0025207376126345615,-0.0296138321230945,0.0305571494878928
43,7.1310849156497715,5.514801494047319,0.8437137307404547,5.830773171387041,11.328160698756484,7.711061956603299,10.441705351478014,6.1986986813376195,15.0,30.0,2026.0,9.504853082023807,24.79313582164998,Mineral oil,+10%,-0.00024378616054591856,0.00044314403450236453,-0.0030702253544983432,0.005580924066309253
44,7.267156850569306,5.6200322855563805,0.8598130706330539,5.942033182576411,10.49483565137501,7.858200734661701,10.64094895435773,6.316979270270407,15.0,30.0,2026.0,9.507170798690474,24.78215375804998,Natural gas,0%,,,,
45,7.3724923502106,5.7014931540875065,0.8722758316901728,6.0281613681986626,10.64695549407584,7.1748929319389525,10.795186670401659,6.408542199396605,15.0,30.0,2026.0,9.530396065357142,24.71968445094997,Natural gas,-10%,0.0024429209444587377,-0.0025207376126345615,-0.028094166470765812,0.02898907649022054
46,7.164788941973823,5.540866393978518,0.8477014198687154,5.858331465080434,10.347001443475616,8.522257875225913,10.49105653943847,6.227995920958504,15.0,30.0,2026.0,9.504853082023807,24.79313582164998,Natural gas,+10%,-0.00024378616054591856,0.00044314403450236453,-0.0028848731063634285,0.005243998693438801
47,7.267156850569306,5.6200322855563805,0.8598130706330539,5.942033182576411,10.49483565137501,7.858200734661701,10.64094895435773,6.316979270270407,15.0,30.0,2026.0,9.507170798690474,24.78215375804998,Nuclear,0%,,,,
48,7.410529701994163,5.730909217270996,0.8767762178670875,6.059262830726961,10.701886984312045,8.013234218810195,9.765794644950425,6.441606184068124,15.0,30.0,2026.0,9.530396065357142,24.71968445094997,Nuclear,-10%,0.0024429209444587377,-0.0025207376126345615,-0.02970332979005932,0.03064949800857375
49,7.129226424269826,5.5133642357394965,0.8434938434842699,5.829253565071085,10.295643975028607,7.709052312580532,11.482882456933291,6.197083186892886,15.0,30.0,2026.0,9.504853082023807,24.79313582164998,Nuclear,+10%,-0.00024378616054591856,0.00044314403450236453,-0.0030811413041675036,0.005600766611784288
50,7.267156850569306,5.6200322855563805,0.8598130706330539,5.942033182576411,10.49483565137501,7.858200734661701,10.64094895435773,6.316979270270407,15.0,30.0,2026.0,9.507170798690474,24.78215375804998,Other,0%,,,,
51,7.351592960266523,5.6853306783560305,0.8698031220718621,6.0110728601209,10.616773723242048,7.949504103076362,10.764584696872667,5.751337855993608,15.0,30.0,2026.0,9.530396065357142,24.71968445094997,Other,-10%,0.0024429209444587377,-0.0025207376126345615,-0.027282091755579264,0.028151133992128863
52,7.184638284914405,5.556216819250322,0.8500498932613674,5.874561396101674,10.375666793107207,7.768970865734107,10.520120979542266,6.869774968088651,15.0,30.0,2026.0,9.504853082023807,24.79313582164998,Other,+10%,-0.00024378616054591856,0.00044314403450236453,-0.002785825086239586,0.005063953447437711
53,7.267156850569306,5.6200322855563805,0.8598130706330539,5.942033182576411,10.49483565137501,7.858200734661701,10.64094895435773,6.316979270270407,15.0,30.0,2026.0,9.507170798690474,24.78215375804998,Solar,0%,,,,
54,7.267156850569306,5.6200322855563805,0.8598130706330539,5.942033182576411,10.49483565137501,7.858200734661701,10.64094895435773,6.316979270270407,15.0,30.0,2026.0,9.507170798690474,24.78215375804998,Solar,-10%,0.0,0.0,,
55,7.068961663735597,5.466758677768479,0.8363636232521524,5.779977732142509,10.208612860882964,7.643886169170927,10.35074125560252,6.14469801744485,16.5,30.0,2026.0,9.495425625773807,24.92815471743331,Solar,+10%,-0.0012354014843495703,0.005891374930877575,-0.012354014843495702,0.05891374930877575
56,7.267156850569306,5.6200322855563805,0.8598130706330539,5.942033182576411,10.49483565137501,7.858200734661701,10.64094895435773,6.316979270270407,15.0,30.0,2026.0,9.507170798690474,24.78215375804998,Wind,0%,,,,
57,7.267156850569306,5.6200322855563805,0.8598130706330539,5.942033182576411,10.49483565137501,7.858200734661701,10.64094895435773,6.316979270270407,15.0,30.0,2026.0,9.507170798690474,24.78215375804998,Wind,-10%,0.0,0.0,,
58,6.870766476901889,5.313485069980578,0.8129141758712509,5.617922281708607,9.922390070390918,7.429571603680154,10.060533556847307,5.972416764619294,15.0,33.0,2026.0,9.42810053744047,25.16423104263331,Wind,+10%,-0.008316907618920205,0.015417436608358615,-0.08316907618920205,0.15417436608358615
59,7.475446858441364,5.658619435692982,0.436623384148479,4.083837882184132,10.353997437299778,8.811547266727297,9.260866426622199,8.919061308883768,15.0,30.0,2027.0,9.592334795357141,24.71968445094997,Biomass,0%,,,,
60,6.820605949539319,5.736589563752106,0.44263961859621864,4.1401090921966155,10.496665187850006,8.932961593418383,9.388471922879388,9.041957071767968,15.0,30.0,2027.0,9.42810053744047,25.16423104263331,Biomass,-10%,-0.01712140593718266,0.01798350592077471,0.1954522976272347,-0.20529374541462325
61,8.11272563633722,5.582740382862863,0.43076849865756056,4.029075805685883,10.215155882840023,8.69338914208833,9.136683172946245,8.799461478581877,15.0,30.0,2027.0,10.431780273690471,24.746109343549975,Biomass,+10%,0.08751211214392102,0.0010689817927263033,1.0265399798214374,0.012539436211184744
62,7.475446858441364,5.658619435692982,0.436623384148479,4.083837882184132,10.353997437299778,8.811547266727297,9.260866426622199,8.919061308883768,15.0,30.0,2027.0,9.592334795357141,24.71968445094997,Hard coal,0%,,,,
63,7.55315674858386,5.145698491201005,0.4411622372576425,4.126290808302646,10.461630869604855,8.903146388900117,9.357136378942773,9.011778077207106,15.0,30.0,2027.0,9.592334795357141,24.71968445094997,Hard coal,-10%,0.0,0.0,-0.0,-0.0
64,7.399319705178404,6.161093590289309,0.43217697500228464,4.042249605490404,10.248556202184375,8.721813766916446,9.166557228636105,8.828232926302675,15.0,30.0,2027.0,9.530396065357142,24.726479803549974,Hard coal,+10%,-0.006457106775503608,0.00027489641356419055,-0.07271679461317439,0.0030957496507383444
65,7.475446858441364,5.658619435692982,0.436623384148479,4.083837882184132,10.353997437299778,8.811547266727297,9.260866426622199,8.919061308883768,15.0,30.0,2027.0,9.592334795357141,24.71968445094997,Hydropower,0%,,,,
66,7.481386036785914,5.663115160249511,0.39327324991048745,4.087082456317534,10.362223599363883,8.81854796537442,9.268224105483986,8.926147426514264,15.0,30.0,2027.0,9.592334795357141,24.71968445094997,Hydropower,-10%,0.0,0.0,-0.0,-0.0
67,7.469517102377373,5.654130843432476,0.47990474504723346,4.080598455444192,10.345784325728925,8.804557674422322,9.253520420438093,8.911986433109385,15.0,30.0,2027.0,9.530396065357142,24.71968445094997,Hydropower,+10%,-0.006457106775503608,0.0,-0.06513944463815585,0.0
68,7.475446858441364,5.658619435692982,0.436623384148479,4.083837882184132,10.353997437299778,8.811547266727297,9.260866426622199,8.919061308883768,15.0,30.0,2027.0,9.592334795357141,24.71968445094997,Lignite,0%,,,,
69,7.531368472757243,5.700949899628504,0.4398896349762905,3.702949082582536,10.431452639949297,8.87746385433833,9.330144238416906,8.985782177350895,15.0,30.0,2027.0,9.592334795357141,24.71968445094997,Lignite,-10%,0.0,0.0,-0.0,-0.0
70,7.420349577164504,5.616912959466075,0.4334052806873704,4.459112050921713,10.27768399143552,8.74660234672014,9.192609829787608,8.853323963817068,15.0,30.0,2027.0,9.530396065357142,24.726479803549974,Lignite,+10%,-0.006457106775503608,0.00027489641356419055,-0.0702680318973649,0.0029914992315259047
71,7.475446858441364,5.658619435692982,0.436623384148479,4.083837882184132,10.353997437299778,8.811547266727297,9.260866426622199,8.919061308883768,15.0,30.0,2027.0,9.592334795357141,24.71968445094997,Mineral oil,0%,,,,
72,7.61887561960592,5.7671893701640755,0.44500072295775384,4.162193038649077,9.49739033945295,8.980611314983156,9.438551403056877,9.090188191130196,15.0,30.0,2027.0,9.799210814523805,24.73157232404997,Mineral oil,-10%,0.021566805535894736,0.00048090715411798463,-0.2606826978327538,-0.005812830005533186
73,7.337318536043461,5.554061725024779,0.4285556315827549,4.008378356313231,11.178948447257733,8.648731014437512,9.089747834291373,8.75425845504915,15.0,30.0,2027.0,9.530396065357142,24.726479803549974,Mineral oil,+10%,-0.006457106775503608,0.00027489641356419055,-0.08104343918476185,0.003450237319803505
74,7.475446858441364,5.658619435692982,0.436623384148479,4.083837882184132,10.353997437299778,8.811547266727297,9.260866426622199,8.919061308883768,15.0,30.0,2027.0,9.592334795357141,24.71968445094997,Natural gas,0%,,,,
75,7.597160936042958,5.750752208242371,0.443732419028569,4.150330303348654,10.522579633312201,8.059513973369466,9.411650431411836,9.064280095243946,15.0,30.0,2027.0,9.799210814523805,24.73157232404997,Natural gas,-10%,0.021566805535894736,0.00048090715411798463,-0.25269749098917793,-0.005634771966673598
76,7.357571246072131,5.569392230446575,0.42973854505379516,4.019442415224783,10.190731774189219,9.539863881562692,9.114837657803506,8.7784222496473,15.0,30.0,2027.0,9.530396065357142,24.726479803549974,Natural gas,+10%,-0.006457106775503608,0.00027489641356419055,-0.07812138347484265,0.0033258375440496177
77,7.475446858441364,5.658619435692982,0.436623384148479,4.083837882184132,10.353997437299778,8.811547266727297,9.260866426622199,8.919061308883768,15.0,30.0,2027.0,9.592334795357141,24.71968445094997,Nuclear,0%,,,,
78,7.603473684200856,5.755530710463757,0.4441011318983375,4.153778958734224,10.531323214731069,8.962456563248473,8.477523812424288,9.071811924298988,15.0,30.0,2027.0,10.959651375,24.756199486299973,Nuclear,-10%,0.1425426247950253,0.0014771642988590085,-1.6851734916509211,-0.017463394706179112
79,7.351660055195724,5.564917691303332,0.4293932862065745,4.016213130649958,10.182544376653698,8.665635819766191,10.018266115963877,8.771369524260635,15.0,30.0,2027.0,9.530396065357142,24.71968445094997,Nuclear,+10%,-0.006457106775503608,0.0,-0.0789522417184407,0.0
80,7.475446858441364,5.658619435692982,0.436623384148479,4.083837882184132,10.353997437299778,8.811547266727297,9.260866426622199,8.919061308883768,15.0,30.0,2027.0,9.592334795357141,24.71968445094997,Other,0%,,,,
81,7.598670509607169,5.751894896093923,0.44382058969324073,4.151154983641915,10.524670494381946,8.956794908398393,9.413520548262914,8.159473069920493,15.0,30.0,2027.0,9.799210814523805,24.73157232404997,Other,-10%,0.021566805535894736,0.00048090715411798463,-0.25323675505291643,-0.005646796739919638
82,7.356155938776534,5.568320898455056,0.42965588026161405,4.018669232609998,10.188771478251182,8.67093526091375,9.113084321572863,9.654406989159009,15.0,30.0,2027.0,9.530396065357142,24.726479803549974,Other,+10%,-0.006457106775503608,0.00027489641356419055,-0.07831871833009058,0.0033342386199284708
83,7.475446858441364,5.658619435692982,0.436623384148479,4.083837882184132,10.353997437299778,8.811547266727297,9.260866426622199,8.919061308883768,15.0,30.0,2027.0,9.592334795357141,24.71968445094997,Solar,0%,,,,
84,7.475446858441364,5.658619435692982,0.436623384148479,4.083837882184132,10.353997437299778,8.811547266727297,9.260866426622199,8.919061308883768,15.0,30.0,2027.0,9.592334795357141,24.71968445094997,Solar,-10%,0.0,0.0,,
85,7.271571035029327,5.504293451083173,0.42471547367170226,3.9724604853972916,10.071615689009784,8.571232341271099,9.008297342259775,8.675814182277847,16.5,30.0,2027.0,9.507170798690474,24.788949110649977,Solar,+10%,-0.00887833864054536,0.002802004201851583,-0.0887833864054536,0.02802004201851583
86,7.475446858441364,5.658619435692982,0.436623384148479,4.083837882184132,10.353997437299778,8.811547266727297,9.260866426622199,8.919061308883768,15.0,30.0,2027.0,9.592334795357141,24.71968445094997,Wind,0%,,,,
87,7.475446858441364,5.658619435692982,0.436623384148479,4.083837882184132,10.353997437299778,8.811547266727297,9.260866426622199,8.919061308883768,15.0,30.0,2027.0,9.592334795357141,24.71968445094997,Wind,-10%,0.0,0.0,,
88,7.0676952116172895,5.349967466473364,0.41280756319492556,3.8610830886104517,9.78923394071979,8.3309174158149,8.755728257897353,8.432567055671926,15.0,33.0,2027.0,9.794662921964285,24.95278187968331,Wind,+10%,0.021092688164415854,0.009429628003377823,0.21092688164415854,0.09429628003377823
89,7.747754895545158,3.702125374226534,0.2282378900215489,10.921598156970319,2.788656325856631,11.421047179779954,8.81741452059244,9.373165657007416,15.0,30.0,2028.0,10.087169675595236,24.748317712499976,Biomass,0%,,,,
90,7.072610040657527,3.75502171582962,0.23149897606725578,11.077647055525906,2.828500929351978,11.584232256463864,8.943398630634828,9.507090395469026,15.0,30.0,2028.0,9.501295971369045,24.927068296233312,Biomass,-10%,-0.05808107953647756,0.007222736745578964,0.6665206215519309,-0.08288590748293144
91,8.404142680381877,3.650698614118002,0.22506740441359782,10.769884654145567,2.7499186966846496,11.262395758196082,8.694930537612061,9.242961654448168,15.0,30.0,2028.0,10.722165755595235,24.756059379399975,Biomass,+10%,0.06295086733162622,0.0003128158846970537,0.7430483958027129,0.0036923612200808666
92,7.747754895545158,3.702125374226534,0.2282378900215489,10.921598156970319,2.788656325856631,11.421047179779954,8.81741452059244,9.373165657007416,15.0,30.0,2028.0,10.087169675595236,24.748317712499976,Hard coal,0%,,,,
93,7.800259511294825,3.354492384758909,0.2297846016659746,10.995611122317701,2.8075543590057137,11.49844478743762,8.87716795465828,9.436685278860983,15.0,30.0,2028.0,10.557139563928569,24.76126638349998,Hard coal,-10%,0.04659085783699781,0.0005232141897654553,-0.4961703930040692,-0.0055719813331078115
94,7.695952385354864,4.045109723740478,0.22671186141286764,10.848574912501647,2.7700110021873865,11.344684553329994,8.75846012519492,9.310495436277844,15.0,30.0,2028.0,10.089596296428569,24.748317712499976,Hard coal,+10%,0.0002405650852888832,0.0,0.0025966260783124636,0.0
95,7.747754895545158,3.702125374226534,0.2282378900215489,10.921598156970319,2.788656325856631,11.421047179779954,8.81741452059244,9.373165657007416,15.0,30.0,2028.0,10.087169675595236,24.748317712499976,Hydropower,0%,,,,
96,7.750971378005038,3.703662312538473,0.20549937873685517,10.926132261285614,2.789814037255569,11.425788630486963,8.821075072523849,9.377056929167646,15.0,30.0,2028.0,10.557139563928569,24.766095128699977,Hydropower,-10%,0.04659085783699781,0.0007183282680673765,-0.46765590560752296,-0.00721022261280989
97,7.744541081516738,3.7005897109765904,0.2509575371713965,10.917067814200982,2.7874995749086073,11.416309662635895,8.813757005497717,9.369277613092073,15.0,30.0,2028.0,10.087169675595236,24.748317712499976,Hydropower,+10%,0.0,0.0,0.0,0.0
98,7.747754895545158,3.702125374226534,0.2282378900215489,10.921598156970319,2.788656325856631,11.421047179779954,8.81741452059244,9.373165657007416,15.0,30.0,2028.0,10.087169675595236,24.748317712499976,Lignite,0%,,,,
99,7.904722537540364,3.7771295397167313,0.23286193452136172,10.028580386855301,2.8451538291599965,11.65243483582943,8.996053208115645,9.563063728261174,15.0,30.0,2028.0,10.313450741071426,24.73207425134997,Lignite,-10%,0.022432562626923128,-0.0006563460732444179,-0.27435001053872626,0.008027105734925839
100,7.596899827981572,3.6300419925259946,0.22379391331036408,11.779840367490998,2.7343589269171518,11.198670134147903,8.645732313143554,9.190662524482464,15.0,30.0,2028.0,10.956871025,24.756199486299973,Lignite,+10%,0.08621857045875889,0.00031847715434882686,1.0971781260300855,0.004052794723138931
101,7.747754895545158,3.702125374226534,0.2282378900215489,10.921598156970319,2.788656325856631,11.421047179779954,8.81741452059244,9.373165657007416,15.0,30.0,2028.0,10.087169675595236,24.748317712499976,Mineral oil,0%,,,,
102,7.787238407629503,3.720991860572802,0.2294010183871549,10.977255964764296,2.5225808954008677,11.479250241236894,8.862349149716636,9.42093246229185,15.0,30.0,2028.0,10.557139563928569,24.766095128699977,Mineral oil,-10%,0.04659085783699781,0.0007183282680673765,-0.4883047270154916,-0.007528581896330961
103,7.708669748892088,3.6834492396390948,0.22708649693754612,10.866501903745204,3.052047211599675,11.363431353005415,8.772933255466667,9.325880790714306,15.0,30.0,2028.0,10.089596296428569,24.748317712499976,Mineral oil,+10%,0.0002405650852888832,0.0,0.0025469877022455054,0.0
104,7.747754895545158,3.702125374226534,0.2282378900215489,10.921598156970319,2.788656325856631,11.421047179779954,8.81741452059244,9.373165657007416,15.0,30.0,2028.0,10.087169675595236,24.748317712499976,Natural gas,0%,,,,
105,7.912052950149848,3.780632245583268,0.23307787809850536,11.153200389430737,2.8477922711048147,10.496916606910581,9.00439566182723,9.571931996895023,15.0,30.0,2028.0,10.34095196535714,24.739956025149972,Natural gas,-10%,0.02515891949115339,-0.00033786891889544754,-0.31093139317809837,0.004175618658848982
106,7.5901415060153266,3.6268126498872872,0.2235948227136095,10.699418941467176,2.731926398067512,12.30757838252939,8.638040933247902,9.182486366071792,15.0,30.0,2028.0,10.948478599166668,24.748317712499976,Natural gas,+10%,0.08538658030659198,0.0,1.100022378430917,0.0
107,7.747754895545158,3.702125374226534,0.2282378900215489,10.921598156970319,2.788656325856631,11.421047179779954,8.81741452059244,9.373165657007416,15.0,30.0,2028.0,10.087169675595236,24.748317712499976,Nuclear,0%,,,,
108,7.873988016031571,3.762443601212426,0.23195653903136992,11.099542275575018,2.834091525436766,11.607128753624675,8.064967914344196,9.525881374743976,15.0,30.0,2028.0,11.50078974583334,24.74990606099998,Nuclear,-10%,0.1401404076366631,6.418005936628329e-05,-1.6422109621550856,-0.0007520828490547426
109,7.625505365121024,3.6437106341279937,0.22463659193503188,10.749269493483764,2.7446549433985616,11.240837858046921,9.546115862432288,9.225269251454417,15.0,30.0,2028.0,9.77789460023809,24.72369055024997,Nuclear,+10%,-0.03066024319045627,-0.0009951044970449555,-0.3709943401913483,-0.01204093959755519
110,7.747754895545158,3.702125374226534,0.2282378900215489,10.921598156970319,2.788656325856631,11.421047179779954,8.81741452059244,9.373165657007416,15.0,30.0,2028.0,10.087169675595236,24.748317712499976,Other,0%,,,,
111,7.882082282742076,3.766311301027238,0.23219498466887187,11.110952333014792,2.8370049020690593,11.619060597524324,8.970287226344187,8.582106372609452,15.0,30.0,2028.0,10.37200632440476,24.73207425134997,Other,-10%,0.028237519340896362,-0.0006563460732444179,-0.33458294687306983,0.0077769651329334544
112,7.617929236102702,3.64009051709341,0.22441340990036698,10.738589827201208,2.74192806052768,11.22966980638229,8.669665053792503,10.137714088999843,15.0,30.0,2028.0,10.956871025,24.748317712499976,Other,+10%,0.08621857045875889,0.0,1.0570173318049754,0.0
113,7.747754895545158,3.702125374226534,0.2282378900215489,10.921598156970319,2.788656325856631,11.421047179779954,8.81741452059244,9.373165657007416,15.0,30.0,2028.0,10.087169675595236,24.748317712499976,Solar,0%,,,,
114,7.747754895545158,3.702125374226534,0.2282378900215489,10.921598156970319,2.788656325856631,11.421047179779954,8.81741452059244,9.373165657007416,15.0,30.0,2028.0,10.087169675595236,24.748317712499976,Solar,-10%,0.0,0.0,,
115,7.536452489303017,3.6011583185658105,0.22201322029368847,10.623736389052945,2.7126020624241773,11.109564074876864,8.576939579121737,9.117533866361759,16.5,30.0,2028.0,10.744537618333332,24.744311613199976,Solar,+10%,0.06516872065000785,-0.00016187360072463902,0.6516872065000785,-0.00161873600724639
116,7.747754895545158,3.702125374226534,0.2282378900215489,10.921598156970319,2.788656325856631,11.421047179779954,8.81741452059244,9.373165657007416,15.0,30.0,2028.0,10.087169675595236,24.748317712499976,Wind,0%,,,,
117,7.747754895545158,3.702125374226534,0.2282378900215489,10.921598156970319,2.788656325856631,11.421047179779954,8.81741452059244,9.373165657007416,15.0,30.0,2028.0,10.087169675595236,24.748317712499976,Wind,-10%,0.0,0.0,,
118,7.325150083060876,3.5001912629050866,0.21578855056582805,10.325874621135574,2.6365477989917236,10.798080969973775,8.336464637651034,8.861902075716102,15.0,33.0,2028.0,10.690836625833331,24.744311613199976,Wind,+10%,0.05984502785737794,-0.00016187360072463902,0.5984502785737794,-0.00161873600724639
119,3.9399716301658265,7.248189012747502,2.9776594628822046,5.903747612928357,6.4396580342836875,11.060167197068566,11.916481957497654,5.514125092426207,15.0,30.0,2029.0,9.35575392363095,25.609181874608307,Biomass,0%,,,,
120,3.571559637416272,7.300486667944053,2.999144085814731,5.94634475774417,6.486121918554416,11.139969311703162,12.00246261604189,5.5539110047813045,15.0,30.0,2029.0,9.331889731964285,25.675626806158306,Biomass,-10%,-0.0025507502507508,0.0025945745504615,0.02727892636879604,-0.027747604101796497
121,4.303142864443396,7.196635305589913,2.9564804644186613,5.86175642381423,6.393855111110658,10.981500288715482,11.831724396663482,5.474905145244187,15.0,30.0,2029.0,9.410335408749996,25.618368016508306,Biomass,+10%,0.005834001788052916,0.0003587050123263457,0.06329191126876882,0.0038915184870724575
122,3.9399716301658265,7.248189012747502,2.9776594628822046,5.903747612928357,6.4396580342836875,11.060167197068566,11.916481957497654,5.514125092426207,15.0,30.0,2029.0,9.35575392363095,25.609181874608307,Hard coal,0%,,,,
123,3.992588053551608,6.610486577251201,3.0174246707832304,5.982589318687432,6.525656565592214,11.20787040272185,12.075620834322088,5.587763577090383,15.0,30.0,2029.0,9.335719307797618,25.666730041008307,Hard coal,-10%,-0.0021414218455156177,0.002247169264593321,0.024339612691370735,-0.025541548325329688
124,3.8887239820919954,7.869302115599921,2.938928715922213,5.826956912795489,6.355896687849095,10.916306375378019,11.761482954723034,5.4424022556402365,15.0,30.0,2029.0,9.377173940416663,25.604588803658306,Hard coal,+10%,0.0022895019429284213,-0.0001793525061632422,0.026717747140074206,-0.0020929857357880038
125,3.9399716301658265,7.248189012747502,2.9776594628822046,5.903747612928357,6.4396580342836875,11.060167197068566,11.916481957497654,5.514125092426207,15.0,30.0,2029.0,9.35575392363095,25.609181874608307,Hydropower,0%,,,,
126,3.961418457724151,7.287643779039816,2.6944812394306195,5.935884051686678,6.474711645923539,11.120372071851328,11.981348093001676,5.544140661342199,15.0,30.0,2029.0,9.296976530297615,25.75045748870831,Hydropower,-10%,-0.006282486030855703,0.005516600053517482,0.06606123787410895,-0.058007837439171046
127,3.9187557752261424,7.209159156417446,3.2577879851304474,5.871957269059529,6.4049819341639544,11.000610701517914,11.852314400892432,5.484432777592137,15.0,30.0,2029.0,9.39448970238095,25.520212445908307,Hydropower,+10%,0.004140316116284424,-0.0034741222556669924,0.044009982860841464,-0.03692859594150585
128,3.9399716301658265,7.248189012747502,2.9776594628822046,5.903747612928357,6.4396580342836875,11.060167197068566,11.916481957497654,5.514125092426207,15.0,30.0,2029.0,9.35575392363095,25.609181874608307,Lignite,0%,,,,
129,3.9827225184591155,7.326835903613457,3.0099687277760165,5.371025908703677,6.509531913365161,11.180176175997959,12.045782428880118,5.573956423204498,15.0,30.0,2029.0,9.335719307797618,25.666730041008307,Lignite,-10%,-0.0021414218455156177,0.002247169264593321,0.023731742124408393,-0.024903659971949328
130,3.8981287784015084,7.17121259593828,2.9460364525650573,6.425154212683328,6.371268288916386,10.9427072303591,11.7899278513,5.455564589836347,15.0,30.0,2029.0,9.377173940416663,25.604588803658306,Lignite,+10%,0.0022895019429284213,-0.0001793525061632422,0.025923418761309304,-0.002030760505585382
131,3.9399716301658265,7.248189012747502,2.9776594628822046,5.903747612928357,6.4396580342836875,11.060167197068566,11.916481957497654,5.514125092426207,15.0,30.0,2029.0,9.35575392363095,25.609181874608307,Mineral oil,0%,,,,
132,3.986649189222641,7.334059623618686,3.0129363350214886,5.973690382502917,5.8643548487050525,11.191199005411226,12.057658682238982,5.579451933279007,15.0,30.0,2029.0,9.335719307797618,25.666730041008307,Mineral oil,-10%,-0.0021414218455156177,0.002247169264593321,0.023970012226501684,-0.025153696297681605
133,3.894374466849541,7.164305957440415,2.9431991069268983,5.835423734141063,7.001645289814316,10.93216824242408,11.778572900028445,5.450310302375243,15.0,30.0,2029.0,9.377173940416663,25.604588803658306,Mineral oil,+10%,0.0022895019429284213,-0.0001793525061632422,0.026234775675413123,-0.0020551512439414923
134,3.9399716301658265,7.248189012747502,2.9776594628822046,5.903747612928357,6.4396580342836875,11.060167197068566,11.916481957497654,5.514125092426207,15.0,30.0,2029.0,9.35575392363095,25.609181874608307,Natural gas,0%,,,,
135,4.02082804924828,7.396936938726571,3.038767233195135,6.0249048028667715,6.571813221590407,10.15843036517742,12.161032971968629,5.627286417226792,15.0,30.0,2029.0,9.373088780416664,25.666850878608308,Natural gas,-10%,0.0018528551442476067,0.0022518877909637643,-0.022726018237880903,-0.02762031514767183
136,3.8623030528382993,7.105305616199436,2.918960924934058,5.787367161230122,6.312713191795686,11.926352190809109,11.681572600967836,5.405425261225458,15.0,30.0,2029.0,9.31401881910714,25.686331916608307,Natural gas,+10%,-0.00446090233502122,0.0030125929980017972,-0.05696049461912876,0.03846728181093211
137,3.9399716301658265,7.248189012747502,2.9776594628822046,5.903747612928357,6.4396580342836875,11.060167197068566,11.916481957497654,5.514125092426207,15.0,30.0,2029.0,9.35575392363095,25.609181874608307,Nuclear,0%,,,,
138,4.027226859641588,7.408708543078322,3.0436031762189235,6.034492933221783,6.582271710794654,11.305107393955184,10.962347611798458,5.636241771291088,15.0,30.0,2029.0,9.359583499464282,25.513717620358307,Nuclear,-10%,0.00040932840523518214,-0.003727735416048331,-0.005112230345404754,0.04655685232158016
139,3.8564172188761514,7.094477711569701,2.9145126672206882,5.778547687014096,6.303093133196125,10.825615823185313,12.83014792371118,5.397187835226743,15.0,30.0,2029.0,9.358805290416663,26.01665163378331,Nuclear,+10%,0.00032614867926429055,0.01591108068856404,0.004253791862272681,0.20752015830832818
140,3.9399716301658265,7.248189012747502,2.9776594628822046,5.903747612928357,6.4396580342836875,11.060167197068566,11.916481957497654,5.514125092426207,15.0,30.0,2029.0,9.35575392363095,25.609181874608307,Other,0%,,,,
141,3.979872566866953,7.321592975553006,3.007814858123204,5.963536129677897,6.504873830670536,11.172175879530966,12.037162722974694,5.012971036602744,15.0,30.0,2029.0,9.237708642162694,26.30639473687498,Other,-10%,-0.012617399135530297,0.0272251126834304,0.1388274051979189,-0.29955395002273905
142,3.9008628200599986,7.17624228969489,2.9481027225234473,5.845146037592387,6.375736923461204,10.950382148024785,11.79819698650011,6.00533007214318,15.0,30.0,2029.0,9.377173940416663,25.604588803658306,Other,+10%,0.0022895019429284213,-0.0001793525061632422,0.025701286904571526,-0.002013359382460037
143,3.9399716301658265,7.248189012747502,2.9776594628822046,5.903747612928357,6.4396580342836875,11.060167197068566,11.916481957497654,5.514125092426207,15.0,30.0,2029.0,9.35575392363095,25.609181874608307,Solar,0%,,,,
144,3.9399716301658265,7.248189012747502,2.9776594628822046,5.903747612928357,6.4396580342836875,11.060167197068566,11.916481957497654,5.514125092426207,15.0,30.0,2029.0,9.35575392363095,25.609181874608307,Solar,-10%,0.0,0.0,,
145,3.8325178584340316,7.05051113058166,2.8964505684399624,5.742736314393947,6.264030996985042,10.758526273512151,11.591486995020444,5.363739862632765,16.5,30.0,2029.0,9.380533723749997,25.65959805360831,Solar,+10%,0.002648616062512911,0.0019686758931565336,0.02648616062512911,0.019686758931565334
146,3.9399716301658265,7.248189012747502,2.9776594628822046,5.903747612928357,6.4396580342836875,11.060167197068566,11.916481957497654,5.514125092426207,15.0,30.0,2029.0,9.35575392363095,25.609181874608307,Wind,0%,,,,
147,3.9399716301658265,7.248189012747502,2.9776594628822046,5.903747612928357,6.4396580342836875,11.060167197068566,11.916481957497654,5.514125092426207,15.0,30.0,2029.0,9.35575392363095,25.609181874608307,Wind,-10%,0.0,0.0,,
148,3.725064086702236,6.85283324841582,2.8152416739977206,5.581725015859537,6.088403959686396,10.456885349955735,11.266492032543235,5.213354632839323,15.0,33.0,2029.0,9.304111290833328,25.668190441508308,Wind,+10%,-0.0055198793404753425,0.0023041957056234015,-0.05519879340475342,0.023041957056234012
149,7.513414568603498,0.4423851391603997,0.9841019576097471,8.246235695327849,11.018869711476155,3.300967200114024,11.066706855482536,12.42731887222579,15.0,30.0,2030.0,9.592334795357141,24.71968445094997,Biomass,0%,,,,
150,6.855727517208918,0.44851215324473553,0.9977317250249477,8.36044568516593,11.171480556505461,3.3466854459063997,11.21998024278358,12.599436674160028,15.0,30.0,2030.0,9.42810053744047,25.16423104263331,Biomass,-10%,-0.01712140593718266,0.01798350592077471,0.19559488138109157,-0.2054435085702367
151,8.153374780268656,0.43642326835577816,0.970839557473568,8.13510404218663,10.870372233108194,3.2564812121472406,10.917564692546804,12.259840213913124,15.0,30.0,2030.0,10.431780273690471,24.739313990949974,Biomass,+10%,0.08751211214392102,0.0007940853791622564,1.0274307157324112,0.009322911874456387
152,7.513414568603498,0.4423851391603997,0.9841019576097471,8.246235695327849,11.018869711476155,3.300967200114024,11.066706855482536,12.42731887222579,15.0,30.0,2030.0,9.592334795357141,24.71968445094997,Hard coal,0%,,,,
153,7.519462747829151,0.3984671269450951,0.9848941440333225,8.252873783904878,11.027739726336993,3.3036244262077,11.075615378483441,12.43732266625942,15.0,30.0,2030.0,9.592334795357141,24.71968445094997,Hard coal,-10%,0.0,0.0,-0.0,-0.0
154,7.507376111102334,0.48623255842548807,0.9833110445310691,8.239608276684017,11.010013954102984,3.298314245193379,11.057812651866525,12.4173311580942,15.0,30.0,2030.0,9.592334795357141,24.71968445094997,Hard coal,+10%,0.0,0.0,0.0,0.0
155,7.513414568603498,0.4423851391603997,0.9841019576097471,8.246235695327849,11.018869711476155,3.300967200114024,11.066706855482536,12.42731887222579,15.0,30.0,2030.0,9.592334795357141,24.71968445094997,Hydropower,0%,,,,
156,7.526882240508193,0.4431781072384053,0.8872793497488352,8.261016937036185,11.03862085400659,3.306884129469296,11.086543745305958,12.449594636686538,15.0,30.0,2030.0,9.592334795357141,24.71968445094997,Hydropower,-10%,0.0,0.0,-0.0,-0.0
157,7.499995005391009,0.4415950036920287,1.0805786995278912,8.231507254594531,10.999189123206577,3.2950714069829767,11.046940826223109,12.405122680381876,15.0,30.0,2030.0,9.592334795357141,24.71968445094997,Hydropower,+10%,0.0,0.0,0.0,0.0
158,7.513414568603498,0.4423851391603997,0.9841019576097471,8.246235695327849,11.018869711476155,3.300967200114024,11.066706855482536,12.42731887222579,15.0,30.0,2030.0,9.592334795357141,24.71968445094997,Lignite,0%,,,,
159,7.627779048357386,0.4491188480259195,0.9990813398039791,7.534579246396725,11.186592028742494,3.351212450536278,11.235157319723497,12.616479718413723,15.0,30.0,2030.0,9.799210814523805,24.73157232404997,Lignite,-10%,0.021566805535894736,0.00048090715411798463,-0.24990283150163903,-0.005572455285668416
160,7.402428800231511,0.4358503667027166,0.969565116746726,8.936867419194142,10.856102475573945,3.252206363382573,10.903232984516363,12.243746473652019,15.0,30.0,2030.0,9.530396065357142,24.71968445094997,Lignite,+10%,-0.006457106775503608,0.0,-0.07709872358978084,0.0
161,7.513414568603498,0.4423851391603997,0.9841019576097471,8.246235695327849,11.018869711476155,3.300967200114024,11.066706855482536,12.42731887222579,15.0,30.0,2030.0,9.592334795357141,24.71968445094997,Mineral oil,0%,,,,
162,7.667017972447025,0.45142921127493235,1.004220827537356,8.41482081200587,10.119724422005117,3.3684518029245933,11.292953367879704,12.681381583925404,15.0,30.0,2030.0,9.799210814523805,24.73157232404997,Mineral oil,-10%,0.021566805535894736,0.00048090715411798463,-0.264297464576131,-0.005893433838329129
163,7.365844957865937,0.43369633300097654,0.9647733898214886,8.084272877956534,11.88269510234391,3.236133502954036,10.84934767639044,12.183236159666677,15.0,30.0,2030.0,9.530396065357142,24.71968445094997,Mineral oil,+10%,-0.006457106775503608,0.0,-0.08236620389323186,0.0
164,7.513414568603498,0.4423851391603997,0.9841019576097471,8.246235695327849,11.018869711476155,3.300967200114024,11.066706855482536,12.42731887222579,15.0,30.0,2030.0,9.592334795357141,24.71968445094997,Natural gas,0%,,,,
165,7.558780544330213,0.44505625936836407,0.990043962421793,8.296026442926722,11.085401615353195,2.9888085875845047,11.13352759989859,12.502354988116618,15.0,30.0,2030.0,9.799210814523805,24.73157232404997,Natural gas,-10%,0.021566805535894736,0.00048090715411798463,-0.22806135992321494,-0.005085423494101189
166,7.468589895374888,0.43974589050414675,0.9782308522327292,8.197039046183294,10.953131659934385,3.609401165833663,11.000683409819533,12.353178080117365,15.0,30.0,2030.0,9.530396065357142,24.71968445094997,Natural gas,+10%,-0.006457106775503608,0.0,-0.06910619465609093,0.0
167,7.513414568603498,0.4423851391603997,0.9841019576097471,8.246235695327849,11.018869711476155,3.300967200114024,11.066706855482536,12.42731887222579,15.0,30.0,2030.0,9.592334795357141,24.71968445094997,Nuclear,0%,,,,
168,7.667698517233388,0.4514692813252764,1.0043099648331069,8.415567733749416,11.245136306111945,3.368750795612603,10.164560184250668,12.682507216883595,15.0,30.0,2030.0,9.799210814523805,24.73157232404997,Nuclear,-10%,0.021566805535894736,0.00048090715411798463,-0.26456176394137737,-0.005899327314549531
169,7.365216938092758,0.4336593555904773,0.964691132216433,8.083583604254986,10.801529064658785,3.2358575867706065,11.933264914418634,12.18219740399732,15.0,30.0,2030.0,9.506531873690475,24.87591799899997,Nuclear,+10%,-0.00894494651168722,0.00632020802530901,-0.11423481653883433,0.08071460274414316
170,7.513414568603498,0.4423851391603997,0.9841019576097471,8.246235695327849,11.018869711476155,3.300967200114024,11.066706855482536,12.42731887222579,15.0,30.0,2030.0,9.592334795357141,24.71968445094997,Other,0%,,,,
171,7.687105684132988,0.45261196314473373,1.0068519024252855,8.43686777928416,11.273598071609241,3.3772772013896,11.322541089227458,11.443146308786526,15.0,30.0,2030.0,9.799210814523805,24.73157232404997,Other,-10%,0.021566805535894736,0.00048090715411798463,-0.2723278207565968,-0.006072498639134889
172,7.347399164425602,0.4326102562480544,0.962357372274666,8.064027973471699,10.775398238947748,3.228029470017924,10.822178379813357,13.367999144800946,15.0,30.0,2030.0,9.530396065357142,24.71968445094997,Other,+10%,-0.006457106775503608,0.0,-0.08530478126379744,0.0
173,7.513414568603498,0.4423851391603997,0.9841019576097471,8.246235695327849,11.018869711476155,3.300967200114024,11.066706855482536,12.42731887222579,15.0,30.0,2030.0,9.592334795357141,24.71968445094997,Solar,0%,,,,
174,7.513414568603498,0.4423851391603997,0.9841019576097471,8.246235695327849,11.018869711476155,3.300967200114024,11.066706855482536,12.42731887222579,15.0,30.0,2030.0,9.592334795357141,24.71968445094997,Solar,-10%,0.0,0.0,,
175,7.308503262187039,0.4303200899105706,0.9572628133112994,8.021338358182543,10.71835508298135,3.210940821929096,10.764887577605739,12.08839199389236,16.5,30.0,2030.0,9.507170798690474,24.78215375804998,Solar,+10%,-0.00887833864054536,0.00252710778828768,-0.0887833864054536,0.0252710778828768
176,7.513414568603498,0.4423851391603997,0.9841019576097471,8.246235695327849,11.018869711476155,3.300967200114024,11.066706855482536,12.42731887222579,15.0,30.0,2030.0,9.592334795357141,24.71968445094997,Wind,0%,,,,
177,7.513414568603498,0.4423851391603997,0.9841019576097471,8.246235695327849,11.018869711476155,3.300967200114024,11.066706855482536,12.42731887222579,15.0,30.0,2030.0,9.592334795357141,24.71968445094997,Wind,-10%,0.0,0.0,,
178,7.10359195577058,0.4182550406607415,0.9304236690128517,7.796441021037239,10.417840454486548,3.120914443744168,10.463068299728942,11.749465115558928,15.0,33.0,2030.0,9.504853082023807,24.79313582164998,Wind,+10%,-0.009119960385002073,0.0029713716955309688,-0.09119960385002072,0.029713716955309687
179,2.195408730754409,2.1031946477048127,1.8143243045616742,3.823930005493554,4.875761585445416,15.288260177040838,9.197216071832713,15.701904477166591,15.0,30.0,2031.0,9.340629654821429,25.084497438299973,Biomass,0%,,,,
180,1.9837864432744532,2.111623514431447,1.8215954802366088,3.8392549762105803,4.895301928342072,15.349530163466019,9.23407528912396,15.764832204914859,15.0,30.0,2031.0,9.36912705482143,25.037318508099972,Biomass,-10%,0.003050907813831497,-0.0018808002957223528,-0.031650681650659915,0.019511769952044514
181,2.405348289945755,2.0948328036564154,1.8071109461097985,3.8087268922710966,4.8563766188475075,15.227477382870438,9.160649942988671,15.639477123310318,15.0,30.0,2031.0,9.340629654821429,25.084497438299973,Biomass,+10%,0.0,0.0,0.0,0.0
182,2.195408730754409,2.1031946477048127,1.8143243045616742,3.823930005493554,4.875761585445416,15.288260177040838,9.197216071832713,15.701904477166591,15.0,30.0,2031.0,9.340629654821429,25.084497438299973,Hard coal,0%,,,,
183,2.2038361788558407,1.9001413047927362,1.8212888955745765,3.838608808220976,4.894478021770317,15.346946752072778,9.23252114283714,15.762178895875625,15.0,30.0,2031.0,9.36912705482143,25.037318508099972,Hard coal,-10%,0.003050907813831497,-0.0018808002957223528,-0.0316008241611154,0.019481034188527115
184,2.187045490083444,2.304700958438298,1.807412775696151,3.8093630383056825,4.857187746769229,15.230020725994752,9.162179984732353,15.642089279980087,15.0,30.0,2031.0,9.340629654821429,25.084497438299973,Hard coal,+10%,0.0,0.0,0.0,0.0
185,2.195408730754409,2.1031946477048127,1.8143243045616742,3.823930005493554,4.875761585445416,15.288260177040838,9.197216071832713,15.701904477166591,15.0,30.0,2031.0,9.340629654821429,25.084497438299973,Hydropower,0%,,,,
186,2.202674851697101,2.1101555686769156,1.6382962389863518,3.8365860259908198,4.891898841743656,15.338859569260412,9.227656000114788,15.753872903529953,15.0,30.0,2031.0,9.36912705482143,25.037318508099972,Hydropower,-10%,0.003050907813831497,-0.0018808002957223528,-0.031445759399333056,0.01938544105113563
187,2.188190390738182,2.0962795007097355,1.989194835859281,3.8113572090974945,4.859730445335251,15.237993518869853,9.166976311974246,15.65027778741595,15.0,30.0,2031.0,9.340629654821429,25.084497438299973,Hydropower,+10%,0.0,0.0,0.0,0.0
188,2.195408730754409,2.1031946477048127,1.8143243045616742,3.823930005493554,4.875761585445416,15.288260177040838,9.197216071832713,15.701904477166591,15.0,30.0,2031.0,9.340629654821429,25.084497438299973,Lignite,0%,,,,
189,2.2107793956023554,2.117919696205807,1.8270268917474861,3.4656321591283694,4.909898143325743,15.395297522751289,9.26160833000038,15.811837861238567,15.0,30.0,2031.0,9.36912705482143,24.99505677174997,Lignite,-10%,0.003050907813831497,-0.003565575382564485,-0.03256078162807127,0.03805356585465189
190,2.1802503223415197,2.088672940199916,1.8017971298188982,4.177280048734354,4.842096425787123,15.182700930400483,9.133713018608304,15.593489184109396,15.0,30.0,2031.0,9.296811362321426,25.083646022249972,Lignite,+10%,-0.0046911497532058505,-3.3941921782360835e-05,-0.05076730184329639,-0.0003673171565433624
191,2.195408730754409,2.1031946477048127,1.8143243045616742,3.823930005493554,4.875761585445416,15.288260177040838,9.197216071832713,15.701904477166591,15.0,30.0,2031.0,9.340629654821429,25.084497438299973,Mineral oil,0%,,,,
192,2.21504515269172,2.1220062780586892,1.8305521882702576,3.8581324307616782,4.427434729035231,15.425003154928424,9.27947884728094,15.842347218973055,15.0,30.0,2031.0,9.36912705482143,24.99505677174997,Mineral oil,-10%,0.003050907813831497,-0.003565575382564485,-0.03318003128013573,0.03877727874596005
193,2.176117404128105,2.084713617571701,1.7983816136745363,3.7903286620631884,5.3162094353624605,15.153920353894618,9.11639900264239,15.563929910662996,15.0,30.0,2031.0,9.296811362321426,25.083646022249972,Mineral oil,+10%,-0.0046911497532058505,-3.3941921782360835e-05,-0.051931069166442335,-0.0003757373736613713
194,2.195408730754409,2.1031946477048127,1.8143243045616742,3.823930005493554,4.875761585445416,15.288260177040838,9.197216071832713,15.701904477166591,15.0,30.0,2031.0,9.340629654821429,25.084497438299973,Natural gas,0%,,,,
195,2.2581789625840547,2.163328332047926,1.8661987257644914,3.933262254009614,5.015167373887972,14.152838294032678,9.460179126014381,16.150846931658887,15.0,30.0,2031.0,9.271149349821426,25.492221814249973,Natural gas,-10%,-0.007438503352302204,0.016254038054893248,0.10015816700352365,-0.21885782406480614
196,2.136033749465732,2.046313602683639,1.7652557779926266,3.720511553455527,4.743896275424356,16.362266933003202,8.94847672570406,15.277245382270856,15.0,30.0,2031.0,9.44589316672619,24.69749811609994,Natural gas,+10%,0.011269423560801,-0.015427828408838192,0.16041787305929875,-0.21961189105343545
197,2.195408730754409,2.1031946477048127,1.8143243045616742,3.823930005493554,4.875761585445416,15.288260177040838,9.197216071832713,15.701904477166591,15.0,30.0,2031.0,9.340629654821429,25.084497438299973,Nuclear,0%,,,,
198,2.2327451666286335,2.1389628356485946,1.8451797904233145,3.888962049612542,4.958681707435837,15.54826148692558,8.418266493542864,15.968940469782634,15.0,30.0,2031.0,10.59621183583333,25.01288858139997,Nuclear,-10%,0.13442157835299645,-0.002854705663373893,-1.5871429105123256,0.03370609027759761
199,2.159300452883185,2.068603031258749,1.784483790027911,3.761037148567079,4.795569067444177,15.036811442731368,9.950542605605563,15.443652461481971,15.0,30.0,2031.0,9.296811362321426,25.07685066964997,Nuclear,+10%,-0.0046911497532058505,-0.0003048404166282522,-0.05727332832613139,-0.003721736927433033
200,2.195408730754409,2.1031946477048127,1.8143243045616742,3.823930005493554,4.875761585445416,15.288260177040838,9.197216071832713,15.701904477166591,15.0,30.0,2031.0,9.340629654821429,25.084497438299973,Other,0%,,,,
201,2.2599272054925805,2.165003143246676,1.8676435043857946,3.9363073172915235,5.019050029311543,15.737550194979345,9.467503032287743,14.547015573004796,15.0,30.0,2031.0,9.378975369107144,24.899006358349972,Other,-10%,0.004105260105877491,-0.007394650038584637,-0.055815240586449086,0.10053788561784088
202,2.1344718700052776,2.044817327081028,1.763965013395492,3.717791095232815,4.7404275127435405,14.863911595178047,8.941933550998264,16.792682035365537,15.0,30.0,2031.0,9.35536694565476,25.118025984799974,Other,+10%,0.0015777620329614403,0.001336624207141124,0.02271211810606597,0.01924090339468697
203,2.195408730754409,2.1031946477048127,1.8143243045616742,3.823930005493554,4.875761585445416,15.288260177040838,9.197216071832713,15.701904477166591,15.0,30.0,2031.0,9.340629654821429,25.084497438299973,Solar,0%,,,,
204,2.1954087307544086,2.1031946477048122,1.8143243045616737,3.8239300054935526,4.875761585445415,15.288260177040836,9.197216071832711,15.701904477166588,15.0,30.0,2031.0,9.340629654821429,25.084497438299973,Solar,-10%,0.0,0.0,,
205,2.135533947188379,2.045834793676499,1.7648427326190825,3.7196410053437283,4.742786269478722,14.871307626757904,8.946382906237274,15.273670718698408,16.5,30.0,2031.0,9.35536694565476,25.118025984799974,Solar,+10%,0.0015777620329614403,0.001336624207141124,0.0157776203296144,0.013366242071411238
206,2.195408730754409,2.1031946477048127,1.8143243045616742,3.823930005493554,4.875761585445416,15.288260177040838,9.197216071832713,15.701904477166591,15.0,30.0,2031.0,9.340629654821429,25.084497438299973,Wind,0%,,,,
207,2.1954087307544086,2.1031946477048122,1.8143243045616737,3.8239300054935526,4.875761585445415,15.288260177040836,9.197216071832711,15.701904477166588,15.0,30.0,2031.0,9.340629654821429,25.084497438299973,Wind,-10%,0.0,0.0,,
208,2.07565916362235,1.988474939648186,1.7153611606764916,3.615352005193904,4.609810953512029,14.454355076474972,8.695549740641836,14.845436960230229,15.0,33.0,2031.0,9.577179526845237,25.475350207549976,Wind,+10%,0.02532483149053084,0.015581447075484717,0.2532483149053084,0.15581447075484717
209,6.906527087325755,0.027190961197262786,6.344027706832879,5.740094118015297,8.10552683217412,2.716316828973988,10.458925347913548,14.265142207506084,15.436248910061062,30.0,2032.0,9.823046255357138,24.811640911433315,Biomass,0%,,,,
210,6.295561840530852,0.027539549111606384,6.425358093457295,5.813682080655482,8.209439624097344,2.751139989922185,10.593008690788222,14.448021221375956,15.436248910061062,30.0,2032.0,9.812995732023806,25.477996443458313,Biomass,-10%,-0.0010231574882232383,0.0268565684310681,0.01156606688201063,-0.30359438333823247
211,7.502218807537047,0.02685108763582942,6.264730499392846,5.6683457816214755,8.004211757221123,2.682364212589919,10.328193955927343,14.086834988013361,15.436248910061062,30.0,2032.0,9.961764035773804,24.61017537939998,Biomass,+10%,0.014121666213371891,-0.008119798797366086,0.16372843017900499,-0.094142000694172
212,6.906527087325755,0.027190961197262786,6.344027706832879,5.740094118015297,8.10552683217412,2.716316828973988,10.458925347913548,14.265142207506084,15.436248910061062,30.0,2032.0,9.823046255357138,24.811640911433315,Hard coal,0%,,,,
213,6.90687128006401,0.02447308465405373,6.3443438669290275,5.740380180559806,8.105930778099486,2.716452198967548,10.459446577485108,14.265853123179898,15.436248910061062,30.0,2032.0,9.823046255357138,24.811640911433315,Hard coal,-10%,0.0,0.0,-0.0,-0.0
214,6.906182928890368,0.02990856687202325,6.343711578245814,5.739808083980296,8.105122926506729,2.716181472471645,10.458404170288663,14.264431362683405,15.436248910061062,30.0,2032.0,9.823046255357138,24.811640911433315,Hard coal,+10%,0.0,0.0,0.0,0.0
215,6.906527087325755,0.027190961197262786,6.344027706832879,5.740094118015297,8.10552683217412,2.716316828973988,10.458925347913548,14.265142207506084,15.436248910061062,30.0,2032.0,9.823046255357138,24.811640911433315,Hydropower,0%,,,,
216,6.987772643902122,0.027510824530655342,5.776790625926013,5.807618234770692,8.20087693078347,2.748270467874896,10.581959862994402,14.43295149915669,15.436248910061062,30.0,2032.0,9.823046255357138,24.811640911433315,Hydropower,-10%,0.0,0.0,-0.0,-0.0
217,6.82714907169389,0.02687845036284897,6.898226062688534,5.674122136023893,8.012368486821426,2.685097688444289,10.33871895050685,14.101190243397209,15.436248910061062,30.0,2032.0,9.799305784523805,25.061935228783312,Hydropower,+10%,-0.0024168135032842895,0.010087777678366305,-0.027665783676696427,0.11547695949605931
218,6.906527087325755,0.027190961197262786,6.344027706832879,5.740094118015297,8.10552683217412,2.716316828973988,10.458925347913548,14.265142207506084,15.436248910061062,30.0,2032.0,9.823046255357138,24.811640911433315,Lignite,0%,,,,
219,6.979956065271625,0.027480050701269052,6.4114762905686735,5.221009607710961,8.191703363949633,2.7451962304454964,10.570122797659137,14.416806683632139,15.436248910061062,30.0,2032.0,9.823046255357138,24.811640911433315,Lignite,-10%,0.0,0.0,-0.0,-0.0
220,6.834626968153124,0.026907890802289707,6.277983464569235,6.248370811980207,8.021144574952578,2.68803872316995,10.350043131218468,14.116635525093093,15.436248910061062,30.0,2032.0,9.799305784523805,25.061935228783312,Lignite,+10%,-0.0024168135032842895,0.010087777678366305,-0.027293671221328576,0.11392376239748271
221,6.906527087325755,0.027190961197262786,6.344027706832879,5.740094118015297,8.10552683217412,2.716316828973988,10.458925347913548,14.265142207506084,15.436248910061062,30.0,2032.0,9.823046255357138,24.811640911433315,Mineral oil,0%,,,,
222,7.010671663430563,0.027600977851359156,6.439690268923995,5.826649873341218,7.404976177593188,2.7572765850341634,10.616637079598373,14.480248464166085,15.436248910061062,30.0,2032.0,9.823046255357138,24.811640911433315,Mineral oil,-10%,0.0,0.0,-0.0,-0.0
223,6.805431386235254,0.02679294794822965,6.251165705330447,5.656072317789373,8.785568580128384,2.6765561865068084,10.305830691607792,14.056333274392651,15.436248910061062,30.0,2032.0,9.799305784523805,25.278698820408316,Mineral oil,+10%,-0.0024168135032842895,0.018824144305577883,-0.028806388369775508,0.2243679997890963
224,6.906527087325755,0.027190961197262786,6.344027706832879,5.740094118015297,8.10552683217412,2.716316828973988,10.458925347913548,14.265142207506084,15.436248910061062,30.0,2032.0,9.823046255357138,24.811640911433315,Natural gas,0%,,,,
225,6.941081486678666,0.02732700168767423,6.37576783672973,5.768812676846577,8.146080008551094,2.4569162755229184,10.511252932921836,14.336512871000448,15.436248910061062,30.0,2032.0,9.823046255357138,24.811640911433315,Natural gas,-10%,0.0,0.0,-0.0,-0.0
226,6.872315024222659,0.027056268482885143,6.3126020317447065,5.711660078779626,8.065375422940516,2.9731474574855237,10.407116181096546,14.194478625186475,15.436248910061062,30.0,2032.0,9.799305784523805,25.061935228783312,Natural gas,+10%,-0.0024168135032842895,0.010087777678366305,-0.025560935740060443,0.10669132584964956
227,6.906527087325755,0.027190961197262786,6.344027706832879,5.740094118015297,8.10552683217412,2.716316828973988,10.458925347913548,14.265142207506084,15.436248910061062,30.0,2032.0,9.823046255357138,24.811640911433315,Nuclear,0%,,,,
228,7.041500446069638,0.027722350608158475,6.468008213494013,5.852272029260488,8.263932086666623,2.7694014547466086,9.596990486593858,14.543924022499555,15.436248910061062,30.0,2032.0,9.823046255357138,24.811640911433315,Nuclear,-10%,0.0,0.0,-0.0,-0.0
229,6.77663082021938,0.026679560269719862,6.224710790078979,5.632135836039145,7.953080072012688,2.6652290084383323,11.288438090400248,13.996846912480446,15.436248910061062,30.0,2032.0,9.799305784523805,25.33032336350832,Nuclear,+10%,-0.0024168135032842895,0.020904802464555814,-0.030472433654128047,0.2635785530361202
230,6.906527087325755,0.027190961197262786,6.344027706832879,5.740094118015297,8.10552683217412,2.716316828973988,10.458925347913548,14.265142207506084,15.436248910061062,30.0,2032.0,9.823046255357138,24.811640911433315,Other,0%,,,,
231,7.091938668479731,0.027920925627277493,6.514338514730393,5.8941918161691085,8.323126579056643,2.7892386595564593,10.73970407525492,13.183291851064409,15.436248910061062,30.0,2032.0,9.876600039107137,24.677473431699976,Other,-10%,0.005451850918526701,-0.005407440814263679,-0.07188741787053139,0.07130183184286128
232,6.730563300560336,0.026498192684584067,6.182395221428221,5.593848590469414,7.899015053231639,2.6471107881900413,10.19245392364403,15.291866019730676,15.436248910061062,30.0,2032.0,9.799305784523805,25.372585099858316,Other,+10%,-0.0024168135032842895,0.022608105220744003,-0.0335788338625089,0.3141135251527862
233,6.906527087325755,0.027190961197262786,6.344027706832879,5.740094118015297,8.10552683217412,2.716316828973988,10.458925347913548,14.265142207506084,15.436248910061062,30.0,2032.0,9.823046255357138,24.811640911433315,Solar,0%,,,,
234,6.961746254886042,0.027408358772555333,6.3947495710232864,5.785987403440351,8.170332260235291,2.7380343654766963,10.542546702609572,14.37919508355621,15.0,30.0,2032.0,9.823046255357138,24.811640911433315,Solar,-10%,0.0,0.0,-0.0,-0.0
235,6.711139363618289,0.026421720745936572,6.164553259385931,5.577705133015328,7.876219045907041,2.639471410810717,10.163039211463685,13.861577053985904,16.97987380106717,30.0,2032.0,9.799305784523805,25.42597440725832,Solar,+10%,-0.0024168135032842895,0.024759889844364013,-0.024168135032842847,0.24759889844363964
236,6.906527087325755,0.027190961197262786,6.344027706832879,5.740094118015297,8.10552683217412,2.716316828973988,10.458925347913548,14.265142207506084,15.436248910061062,30.0,2032.0,9.823046255357138,24.811640911433315,Wind,0%,,,,
237,6.906527087325757,0.027190961197262793,6.34402770683288,5.740094118015298,8.105526832174121,2.7163168289739885,10.45892534791355,14.265142207506086,15.436248910061062,30.0,2032.0,9.823046255357138,24.811640911433315,Wind,-10%,0.0,0.0,,
238,6.526795473422881,0.025695959809668864,5.995223184777064,5.42449480510037,7.659872345252196,2.566969499947987,9.883877345953026,13.480822475675748,15.436248910061062,33.0,2032.0,9.812995732023806,25.467147676458318,Wind,+10%,-0.0010231574882232383,0.026419323387956252,-0.010231574882232383,0.2641932338795625
239,7.32358092296988,11.864562798406693,4.104651103801449,4.645267033617596,0.5777704255876465,7.485448417998315,9.171616296893188,9.827103000725232,15.0,30.0,2033.0,9.873388079583338,25.0954532523,Biomass,0%,,,,
240,6.680173358252216,12.024678629342505,4.1600446006671765,4.707956304486162,0.5855676106466297,7.586466787890201,9.295390007678275,9.959722701036839,15.0,30.0,2033.0,9.772868558333334,26.297243394849996,Biomass,-10%,-0.01018085387100933,0.04788876018566637,0.11588347927178339,-0.5450933898707353
241,7.9500789309131585,11.70865501207924,4.050713417422801,4.584225315316061,0.5701781603192678,7.387084937409281,9.051095514274428,9.697968712265762,15.0,30.0,2033.0,10.642219499166671,25.07056689715,Biomass,+10%,0.07786905704366671,-0.000991667888991719,0.9102668059980207,-0.011592311454562671
242,7.32358092296988,11.864562798406693,4.104651103801449,4.645267033617596,0.5777704255876465,7.485448417998315,9.171616296893188,9.827103000725232,15.0,30.0,2033.0,9.873388079583338,25.0954532523,Hard coal,0%,,,,
243,7.48504786932383,10.913532503549321,4.195148564886432,4.747683746262145,0.5905088423941925,7.650484144490167,9.373827877835058,10.043766451258852,15.0,30.0,2033.0,9.995779620892861,24.858316271599993,Hard coal,-10%,0.012396103578933644,-0.009449400188788152,-0.15464738627476562,0.11788583660625339
244,7.168933181284548,12.775428400903602,4.017975605805903,4.547175667681961,0.565569988059953,7.327382615828407,8.977944681485717,9.61958985894991,15.0,30.0,2033.0,9.90035581625,25.779128980500005,Hard coal,+10%,0.00273135588809964,0.027243011764983577,0.035577524686761945,0.35485632898787284
245,7.32358092296988,11.864562798406693,4.104651103801449,4.645267033617596,0.5777704255876465,7.485448417998315,9.171616296893188,9.827103000725232,15.0,30.0,2033.0,9.873388079583338,25.0954532523,Hydropower,0%,,,,
246,7.378647786206634,11.953773836538952,3.721963010840861,4.680195340839017,0.5821147491286465,7.541732381900026,9.240578754684423,9.90099413986144,15.0,30.0,2033.0,9.873388079583338,25.077879932899997,Hydropower,-10%,0.0,-0.000700259095674761,-0.0,0.007510866742081861
247,7.2693298993421855,11.776673460734488,4.48166950566649,4.6108562045097585,0.5734904650956926,7.429998325583138,9.10367554800813,9.754306591060118,15.0,30.0,2033.0,9.85016281291667,25.1190868255,Hydropower,+10%,-0.002352309711667647,0.0009417472146207164,-0.025609918791008393,0.010252931222647817
248,7.32358092296988,11.864562798406693,4.104651103801449,4.645267033617596,0.5777704255876465,7.485448417998315,9.171616296893188,9.827103000725232,15.0,30.0,2033.0,9.873388079583338,25.0954532523,Lignite,0%,,,,
249,7.3859623180014315,11.965623739302792,4.139614035824202,4.21635138129892,0.5826918056522932,7.549208581183908,9.249739038392478,9.910809100343968,15.0,30.0,2033.0,9.873388079583338,25.185191563700002,Lignite,-10%,0.0,0.003575879283701597,-0.0,-0.03872769404188946
250,7.262244441706009,11.76519466942132,4.070273815126533,5.066998174110996,0.5729314806430054,7.422756263508399,9.094802143124586,9.744799012359158,15.0,30.0,2033.0,9.85016281291667,25.1190868255,Lignite,+10%,-0.002352309711667647,0.0009417472146207164,-0.025910125450267184,0.010373118961432913
251,7.32358092296988,11.864562798406693,4.104651103801449,4.645267033617596,0.5777704255876465,7.485448417998315,9.171616296893188,9.827103000725232,15.0,30.0,2033.0,9.873388079583338,25.0954532523,Mineral oil,0%,,,,
252,7.331282374128797,11.877039529649908,4.108967540027499,4.6501519795963215,0.5205402061860884,7.493320088428417,9.181261135354289,9.837437146628687,15.0,30.0,2033.0,9.873388079583338,25.084675285499998,Mineral oil,-10%,0.0,-0.00042947886581865013,-0.0,0.0043358244941165795
253,7.31589563545197,11.852112253060215,4.100343726819448,4.640392340059033,0.6348805314285189,7.477593268461786,9.161991700812806,9.816790543906219,15.0,30.0,2033.0,9.873388079583338,25.0954532523,Mineral oil,+10%,0.0,0.0,0.0,0.0
254,7.32358092296988,11.864562798406693,4.104651103801449,4.645267033617596,0.5777704255876465,7.485448417998315,9.171616296893188,9.827103000725232,15.0,30.0,2033.0,9.873388079583338,25.0954532523,Natural gas,0%,,,,
255,7.424629433233924,12.02826637570355,4.1612858134544695,4.709360995091211,0.5857423236788031,6.829857293420646,9.298163429131149,9.96269433628624,15.0,30.0,2033.0,9.873388079583338,25.583888904700004,Natural gas,-10%,0.0,0.019463113397054827,-0.0,-0.22222712591046623
256,7.2252460024988725,11.70525537059562,4.049537281192132,4.58289427237935,0.5700126074590224,8.123434083777912,9.048467502794816,9.695152879302277,15.0,30.0,2033.0,9.85016281291667,25.1300688891,Natural gas,+10%,-0.002352309711667647,0.0013793589002751166,-0.02759951195506588,0.016183937119181688
257,7.32358092296988,11.864562798406693,4.104651103801449,4.645267033617596,0.5777704255876465,7.485448417998315,9.171616296893188,9.827103000725232,15.0,30.0,2033.0,9.873388079583338,25.0954532523,Nuclear,0%,,,,
258,7.447777574197414,12.06576750732433,4.174259663727461,4.724043606949842,0.587568522009471,7.612390092601242,8.39443750321799,9.99375552997225,15.0,30.0,2033.0,10.96056279577381,25.609245880700005,Nuclear,-10%,0.1101116159344111,0.020473534517768288,-1.2994455064909443,-0.24161158843539526
259,7.203458455757484,11.669958468812819,4.037326003850922,4.569074670508939,0.5682937488452258,7.3626709759766245,9.923300285460517,9.66591739078747,15.0,30.0,2033.0,9.85016281291667,25.1232735365,Nuclear,+10%,-0.002352309711667647,0.0011085786704191473,-0.028701532046719463,0.013526240221483342
260,7.32358092296988,11.864562798406693,4.104651103801449,4.645267033617596,0.5777704255876465,7.485448417998315,9.171616296893188,9.827103000725232,15.0,30.0,2033.0,9.873388079583338,25.0954532523,Other,0%,,,,
261,7.456815271571913,12.080409023432441,4.179325026545766,4.729776119243369,0.5882815221542524,7.621627543272688,9.338471054940813,9.00529443883876,15.0,30.0,2033.0,9.873388079583338,25.583888904700004,Other,-10%,0.0,0.019463113397054827,-0.0,-0.23273792576290434
262,7.1950241173447,11.656294424021889,4.032598805935039,4.563724862185474,0.5676283487703772,7.354050219847501,9.010619414910174,10.620059806984843,15.0,30.0,2033.0,9.85016281291667,25.1300688891,Other,+10%,-0.002352309711667647,0.0013793589002751166,-0.029152142517326524,0.01709437623962178
263,7.32358092296988,11.864562798406693,4.104651103801449,4.645267033617596,0.5777704255876465,7.485448417998315,9.171616296893188,9.827103000725232,15.0,30.0,2033.0,9.873388079583338,25.0954532523,Solar,0%,,,,
264,7.32358092296988,11.864562798406693,4.104651103801449,4.645267033617596,0.5777704255876465,7.485448417998315,9.171616296893188,9.827103000725232,15.0,30.0,2033.0,9.873388079583338,25.0954532523,Solar,-10%,0.0,0.0,,
265,7.123846897797974,11.540983812995602,3.9927060736977724,4.518577932700753,0.562013050344347,7.28129982478018,8.921481306977919,9.559091100705453,16.5,30.0,2033.0,9.997015351250004,25.1554258651,Solar,+10%,0.012521261260084493,0.002389780020988576,0.12521261260084493,0.02389780020988576
266,7.32358092296988,11.864562798406693,4.104651103801449,4.645267033617596,0.5777704255876465,7.485448417998315,9.171616296893188,9.827103000725232,15.0,30.0,2033.0,9.873388079583338,25.0954532523,Wind,0%,,,,
267,7.32358092296988,11.864562798406693,4.104651103801449,4.645267033617596,0.5777704255876465,7.485448417998315,9.171616296893188,9.827103000725232,15.0,30.0,2033.0,9.873388079583338,25.0954532523,Wind,-10%,0.0,0.0,,
268,6.924112872626068,11.21740482758451,3.880761043594097,4.391888831783909,0.5462556751010476,7.077151231562044,8.67134631706265,9.291079200685674,15.0,33.0,2033.0,10.060835134166672,25.095015633699994,Wind,+10%,0.018985079191908394,-1.7438162826027666e-05,0.18985079191908394,-0.00017438162826027666
269,4.609624573403324,6.599871301686982,3.0740505091250485,4.3493048587121725,1.4475724549581626,17.391243303764803,10.02770694996033,7.500626048389178,15.0,30.0,2034.0,9.47235121125,24.571303405599938,Biomass,0%,,,,
270,4.183726495081403,6.65565323386677,3.1000323001598864,4.386065064717385,1.4598072978538363,17.53823361768878,10.112460855518835,7.564021135113104,15.0,30.0,2034.0,9.456476949642862,24.558834795949938,Biomass,-10%,-0.0016758523045771949,-0.0005074460008970585,0.01813825973343447,0.0054922425680499435
271,5.028442968428701,6.5450166298861525,3.048500612154463,4.313155715845489,1.4355409912682031,17.24669640276803,9.944361904502493,7.4382847751464745,15.0,30.0,2034.0,9.534659118630954,24.571303405599938,Biomass,+10%,0.006577871321636818,0.0,0.07239776868698629,0.0
272,4.609624573403324,6.599871301686982,3.0740505091250485,4.3493048587121725,1.4475724549581626,17.391243303764803,10.02770694996033,7.500626048389178,15.0,30.0,2034.0,9.47235121125,24.571303405599938,Hard coal,0%,,,,
273,4.665610811401524,6.012027089799985,3.111386418087217,4.402129381201822,1.4651539596322167,17.60246881056791,10.149498557701213,7.5917249716081185,15.0,30.0,2034.0,9.49033382821429,24.558834795949938,Hard coal,-10%,0.0018984322438268563,-0.0005074460008970585,-0.021314164928170884,0.005697220846532932
274,4.554966046691114,7.173774812744054,3.037600019678,4.297733067557834,1.4304078949300618,17.18502700099645,9.908803625088916,7.4116875323135645,15.0,30.0,2034.0,9.48385213625,24.571303405599938,Hard coal,+10%,0.0012141573663717964,0.0,0.013962769356976778,0.0
275,4.609624573403324,6.599871301686982,3.0740505091250485,4.3493048587121725,1.4475724549581626,17.391243303764803,10.02770694996033,7.500626048389178,15.0,30.0,2034.0,9.47235121125,24.571303405599938,Hydropower,0%,,,,
276,4.635533416785023,6.636966520434597,2.78219565817527,4.373750549811142,1.4557086767744833,17.48899247873451,10.0840686524606,7.542784046824379,15.0,30.0,2034.0,9.433874461964285,24.696483124749943,Hydropower,-10%,-0.004062006193353331,0.005094549405200679,0.042784322981479585,-0.05365990026156783
277,4.584003738808568,6.563188442101662,3.362661033018344,4.325130911655794,1.4395266772940989,17.29458073157751,9.9719717773799,7.458936688164118,15.0,30.0,2034.0,9.582082001666668,24.51679458774994,Hydropower,+10%,0.0115843245219143,-0.002218393422205541,0.12338704151906246,-0.02362856813735549
278,4.609624573403324,6.599871301686982,3.0740505091250485,4.3493048587121725,1.4475724549581626,17.391243303764803,10.02770694996033,7.500626048389178,15.0,30.0,2034.0,9.47235121125,24.571303405599938,Lignite,0%,,,,
279,4.646367241803574,6.652477946514714,3.098553332880826,3.945575299789665,1.4591108511661197,17.52986645530413,10.107636390072031,7.5604124824689425,15.0,30.0,2034.0,9.476651646964287,24.553349993649935,Lignite,-10%,0.0004539987610656935,-0.000730665836225507,-0.004890845799406356,0.007871329709104995
280,4.573458455076447,6.548090137594753,3.049932173090205,4.746699267876804,1.436215114276925,17.25479536681034,9.949031728079568,7.441777757194952,15.0,30.0,2034.0,9.48385213625,24.571303405599938,Lignite,+10%,0.0012141573663717964,0.0,0.013288411741631577,0.0
281,4.609624573403324,6.599871301686982,3.0740505091250485,4.3493048587121725,1.4475724549581626,17.391243303764803,10.02770694996033,7.500626048389178,15.0,30.0,2034.0,9.47235121125,24.571303405599938,Mineral oil,0%,,,,
282,4.621788890294638,6.61728767143189,3.082162606745461,4.360782219116654,1.3062532024716171,17.437136974998147,10.054169019287265,7.520419415654331,15.0,30.0,2034.0,9.545031271130956,24.571303405599938,Mineral oil,-10%,0.0076728637125105395,0.0,-0.07859527959175802,-0.0
283,4.597524120171748,6.582546369309351,3.0659810006813912,4.337887755389623,1.5881497697974207,17.345590578063373,10.00138380866417,7.48093659792292,15.0,30.0,2034.0,9.47235121125,24.571303405599938,Mineral oil,+10%,0.0,0.0,0.0,0.0
284,4.609624573403324,6.599871301686982,3.0740505091250485,4.3493048587121725,1.4475724549581626,17.391243303764803,10.02770694996033,7.500626048389178,15.0,30.0,2034.0,9.47235121125,24.571303405599938,Natural gas,0%,,,,
285,4.76014238124476,6.815376522241658,3.1744273047749685,4.491322461782206,1.4948399556281973,16.16320672000027,10.355141092101324,7.745543562226618,15.0,30.0,2034.0,9.536840374880954,24.608311229799952,Natural gas,-10%,0.006808147438025997,0.0015061400524475123,-0.0964158153820245,-0.02132969689010685
286,4.468333879475305,6.397577084185773,2.9798270593217633,4.21599328597855,1.4032025689912628,18.543998207502632,9.720345330612517,7.270722583932192,15.0,30.0,2034.0,9.474950163392858,24.571303405599938,Natural gas,+10%,0.0002743724430077169,0.0,0.004139368999189066,0.0
287,4.609624573403324,6.599871301686982,3.0740505091250485,4.3493048587121725,1.4475724549581626,17.391243303764803,10.02770694996033,7.500626048389178,15.0,30.0,2034.0,9.47235121125,24.571303405599938,Nuclear,0%,,,,
288,4.69522889971112,6.72243606319899,3.1311380264877693,4.430074844729145,1.4744550053297052,17.714212266413877,9.192536365510094,7.639918528619298,15.0,30.0,2034.0,9.536840374880954,24.558834795949938,Nuclear,-10%,0.006808147438025997,-0.0005074460008970585,-0.08174390795335278,0.006092790963506706
289,4.527085863625604,6.481695764120795,3.019007379522111,4.27142736440616,1.4216526081594896,17.079840333552124,10.832968850357394,7.366321836256319,15.0,30.0,2034.0,9.48385213625,24.571303405599938,Nuclear,+10%,0.0012141573663717964,0.0,0.015119570732340047,0.0
290,4.609624573403324,6.599871301686982,3.0740505091250485,4.3493048587121725,1.4475724549581626,17.391243303764803,10.02770694996033,7.500626048389178,15.0,30.0,2034.0,9.47235121125,24.571303405599938,Other,0%,,,,
291,4.673357495151631,6.691121483674962,3.1165524997814726,4.409438585831555,1.4675866709811258,17.63169558592675,10.16635057530983,6.843897103342673,15.0,30.0,2034.0,9.49033382821429,24.558834795949938,Other,-10%,0.0018984322438268563,-0.0005074460008970585,-0.02168235532566835,0.005795637182109999
292,4.547606580000098,6.511076483728962,3.0326921639582647,4.290789212645776,1.428096782366456,17.157261122502156,9.892793953561368,8.13968370123692,15.0,30.0,2034.0,9.48385213625,24.571303405599938,Other,+10%,0.0012141573663717964,0.0,0.014250577124724058,0.0
293,4.609624573403324,6.599871301686982,3.0740505091250485,4.3493048587121725,1.4475724549581626,17.391243303764803,10.02770694996033,7.500626048389178,15.0,30.0,2034.0,9.47235121125,24.571303405599938,Solar,0%,,,,
294,4.609624573403324,6.599871301686982,3.0740505091250485,4.3493048587121725,1.4475724549581626,17.391243303764803,10.02770694996033,7.500626048389178,15.0,30.0,2034.0,9.47235121125,24.571303405599938,Solar,-10%,0.0,0.0,,
295,4.4839075395832335,6.419874811640973,2.9902127679670927,4.230687453474568,1.4080932061865763,16.916936668207583,9.75422403314323,7.296063519796745,16.5,30.0,2034.0,9.490586956250002,24.571303405599938,Solar,+10%,0.0019251550743118475,0.0,0.019251550743118472,0.0
296,4.609624573403324,6.599871301686982,3.0740505091250485,4.3493048587121725,1.4475724549581626,17.391243303764803,10.02770694996033,7.500626048389178,15.0,30.0,2034.0,9.47235121125,24.571303405599938,Wind,0%,,,,
297,4.609624573403324,6.599871301686982,3.0740505091250485,4.3493048587121725,1.4475724549581626,17.391243303764803,10.02770694996033,7.500626048389178,15.0,30.0,2034.0,9.47235121125,24.571303405599938,Wind,-10%,0.0,0.0,,
298,4.358190505763142,6.239878321594965,2.906375026809137,4.112070048236964,1.36861395741499,16.44263003265036,9.48074111632613,7.091500991204313,15.0,33.0,2034.0,9.484218755059524,24.696483124749943,Wind,+10%,0.001252861464366889,0.005094549405200679,0.01252861464366889,0.05094549405200679
299,6.668113709716341,8.31778122477215,2.5049132353784866,6.660341390653648,9.138856182611045,6.008945008169939,9.435407500762462,6.26564174793593,15.0,30.0,2035.0,9.42810053744047,25.54758159235832,Biomass,0%,,,,
300,7.247062827963756,8.21814571547433,2.474907841005948,6.580559717077194,9.029385331485248,5.936966161882357,9.322384375199709,6.190588029911459,15.0,30.0,2035.0,9.507170798690474,24.800613713249987,Biomass,+10%,0.008386658684430025,-0.029238300948680098,0.09659431544113789,-0.33675552697083067
301,6.668113709716341,8.31778122477215,2.5049132353784866,6.660341390653648,9.138856182611045,6.008945008169939,9.435407500762462,6.26564174793593,15.0,30.0,2035.0,9.42810053744047,25.54758159235832,Hard coal,0%,,,,
302,6.770505682531567,7.600954145350481,2.5433773376819078,6.762614015911705,9.279187549853427,6.101215140430611,9.580292550774566,6.361853577465737,15.0,30.0,2035.0,9.42810053744047,25.475732329758316,Hard coal,-10%,0.0,-0.0028123704132329876,-0.0,0.032633646930815025
303,6.56877259452267,9.013249819749557,2.4675952043582163,6.561116066953185,9.002706110147184,5.919424144514116,9.294839426455832,6.172296633299237,15.0,30.0,2035.0,9.424607348630946,25.685143485258326,Hard coal,+10%,-0.00037050822651405927,0.005384536786885265,-0.004431266044762784,0.06439888057275128
304,6.668113709716341,8.31778122477215,2.5049132353784866,6.660341390653648,9.138856182611045,6.008945008169939,9.435407500762462,6.26564174793593,15.0,30.0,2035.0,9.42810053744047,25.54758159235832,Hydropower,0%,,,,
305,6.698621830593154,8.355836945786997,2.264736399443564,6.690813951421595,9.180668506340416,6.0364372838916704,9.478576613511066,6.294308469011533,15.0,30.0,2035.0,9.42810053744047,25.54758159235832,Hydropower,-10%,0.0,0.0,-0.0,-0.0
306,6.637882220572349,8.28007057319277,2.742912272996135,6.630145139177998,9.09742299123182,5.981702018069661,9.392629823019385,6.23723496173988,15.0,30.0,2035.0,9.42810053744047,25.55217466330832,Hydropower,+10%,0.0,0.00017978496059975932,0.0,0.0018922165897654968
307,6.668113709716341,8.31778122477215,2.5049132353784866,6.660341390653648,9.138856182611045,6.008945008169939,9.435407500762462,6.26564174793593,15.0,30.0,2035.0,9.42810053744047,25.54758159235832,Lignite,0%,,,,
308,6.749852476682254,8.419741870736303,2.5356188484093636,6.0677863949996675,9.250881692127622,6.082603583460595,9.551068182104693,6.342446951479499,15.0,30.0,2035.0,9.42810053744047,25.49419228495832,Lignite,-10%,0.0,-0.0020897988800618757,-0.0,0.023489421372029997
309,6.588330922195572,8.218260460581632,2.474942396680137,7.23871675729388,9.029511403451433,5.937049056228952,9.322514538138222,6.19067446543017,15.0,30.0,2035.0,9.445528451607139,25.591272670658316,Lignite,+10%,0.0018485074588948352,0.0017101845097175583,0.021286678945072583,0.01969380670876975
310,6.668113709716341,8.31778122477215,2.5049132353784866,6.660341390653648,9.138856182611045,6.008945008169939,9.435407500762462,6.26564174793593,15.0,30.0,2035.0,9.42810053744047,25.54758159235832,Mineral oil,0%,,,,
311,6.780783907786567,8.458325627416981,2.547238408983067,6.772880260920184,8.363946758060727,6.110477323564784,9.594836280513945,6.371511432753746,15.0,30.0,2035.0,9.42810053744047,25.45193054860832,Mineral oil,-10%,0.0,-0.003744035160596573,-0.0,0.04415509450693143
312,6.5591265922435165,8.181831083709534,2.4639716310615682,6.551481308004703,9.888434562082992,5.910731686681602,9.281190294749443,6.163232841466641,15.0,30.0,2035.0,9.445528451607139,25.591272670658316,Mineral oil,+10%,0.0018485074588948352,0.0017101845097175583,0.022536994505130244,0.020850561739851878
313,6.668113709716341,8.31778122477215,2.5049132353784866,6.660341390653648,9.138856182611045,6.008945008169939,9.435407500762462,6.26564174793593,15.0,30.0,2035.0,9.42810053744047,25.54758159235832,Natural gas,0%,,,,
314,6.741769936638144,8.409659739153962,2.532582598217279,6.73391176425598,9.239804320884584,5.467788030243975,9.539631355698106,6.334852254907972,15.0,30.0,2035.0,9.42810053744047,25.49419228495832,Natural gas,-10%,0.0,-0.0020897988800618757,-0.0,0.02320488704877225
315,6.5960495299047714,8.227888624269275,2.4778419337083215,6.588361208479622,9.040089994167662,6.538405114848279,9.333436398839053,6.197927195783019,15.0,30.0,2035.0,9.445528451607139,25.591272670658316,Natural gas,+10%,0.0018485074588948352,0.0017101845097175583,0.020979068163182957,0.019409214297915065
316,6.668113709716341,8.31778122477215,2.5049132353784866,6.660341390653648,9.138856182611045,6.008945008169939,9.435407500762462,6.26564174793593,15.0,30.0,2035.0,9.42810053744047,25.54758159235832,Nuclear,0%,,,,
317,6.784503815516108,8.462965827032289,2.548635812583509,6.776595832744397,9.298372424278167,6.1138295040996935,8.640089968312171,6.375006815433665,15.0,30.0,2035.0,10.618984160833328,25.57048291890833,Nuclear,-10%,0.12631214725210793,0.0008964185696879997,-1.4985292452287824,-0.010634839735267071
318,6.5556496624482765,8.17749397390162,2.4626655034456144,6.54800843090096,8.98472072565272,5.90759846477712,10.203897467740294,6.159965771133399,15.0,30.0,2035.0,9.445528451607139,25.591272670658316,Nuclear,+10%,0.0018485074588948352,0.0017101845097175583,0.0226957044233927,0.020997395469110006
319,6.668113709716341,8.31778122477215,2.5049132353784866,6.660341390653648,9.138856182611045,6.008945008169939,9.435407500762462,6.26564174793593,15.0,30.0,2035.0,9.42810053744047,25.54758159235832,Other,0%,,,,
320,6.593005688468977,8.224091747334056,2.476698498093568,6.585320914929758,9.03591831528884,5.941261703866019,9.32912935106442,6.814573780954365,15.0,30.0,2035.0,9.445528451607139,25.591272670658316,Other,+10%,0.0018485074588948352,0.0017101845097175583,0.021099307034671555,0.019520455750848483
321,6.668113709716341,8.31778122477215,2.5049132353784866,6.660341390653648,9.138856182611045,6.008945008169939,9.435407500762462,6.26564174793593,15.0,30.0,2035.0,9.42810053744047,25.54758159235832,Solar,0%,,,,
322,6.668113709716341,8.31778122477215,2.5049132353784866,6.660341390653648,9.138856182611045,6.008945008169939,9.435407500762462,6.26564174793593,15.0,30.0,2035.0,9.42810053744047,25.54758159235832,Solar,-10%,0.0,0.0,,
323,6.486256063087713,8.090932645914727,2.436597419868164,6.478695716363093,8.889614650358016,5.845064689765305,9.178078205287123,6.094760609355858,16.5,30.0,2035.0,9.445528451607139,25.59582079975831,Solar,+10%,0.0018485074588948352,0.0018882103272906349,0.018485074588948353,0.018882103272906348
324,6.668113709716341,8.31778122477215,2.5049132353784866,6.660341390653648,9.138856182611045,6.008945008169939,9.435407500762462,6.26564174793593,15.0,30.0,2035.0,9.42810053744047,25.54758159235832,Wind,0%,,,,
325,6.668113709716341,8.31778122477215,2.5049132353784866,6.660341390653648,9.138856182611045,6.008945008169939,9.435407500762462,6.26564174793593,15.0,30.0,2035.0,9.42810053744047,25.54758159235832,Wind,-10%,0.0,0.0,,
326,6.304398416459086,7.864084067057305,2.368281604357842,6.29705004207254,8.640373118104987,5.68118437136067,8.920748909811783,5.923879470775788,15.0,33.0,2035.0,9.604804904940472,25.613652609408312,Wind,+10%,0.01874230835768902,0.0025861945801459105,0.1874230835768902,0.025861945801459105
327,5.907912983551643,0.46842225766053586,1.9372112722218178,4.558075937419785,4.87463407629278,12.822604572732576,10.57373268080341,13.857406219317452,15.0,30.0,2036.0,9.36466468422619,25.597324230458312,Biomass,0%,,,,
328,5.3748565668253425,0.4735085252315133,1.9582460858133923,4.607568875569944,4.9275642964459765,12.961836209887233,10.688545401076684,14.007874039149906,15.0,30.0,2036.0,9.361968329226189,25.597324230458312,Biomass,-10%,-0.00028792862221142167,0.0,0.0031911392342780977,-0.0
329,6.42963928299848,0.46344409873675896,1.9166235537171155,4.509634971961727,4.822828888280919,12.686332304846298,10.461360305576271,13.710136593882424,15.0,30.0,2036.0,9.37504769017857,25.581143673358312,Biomass,+10%,0.0011087429504945269,-0.0006321190822260607,0.012555159438182492,-0.007157976389140485
330,5.907912983551643,0.46842225766053586,1.9372112722218178,4.558075937419785,4.87463407629278,12.822604572732576,10.57373268080341,13.857406219317452,15.0,30.0,2036.0,9.36466468422619,25.597324230458312,Hard coal,0%,,,,
331,5.912948905143605,0.42193938789570773,1.9388625565418702,4.56196125412891,4.878789228047055,12.833534596822773,10.582745760187471,13.869218311232604,15.0,30.0,2036.0,9.36466468422619,25.597324230458312,Hard coal,-10%,0.0,0.0,-0.0,-0.0
332,5.902885632615749,0.514826018034462,1.9355627982294714,4.554197233147454,4.870485996208692,12.811693150496195,10.564734940816932,13.845614230451044,15.0,30.0,2036.0,9.36466468422619,25.597324230458312,Hard coal,+10%,0.0,0.0,0.0,0.0
333,5.907912983551643,0.46842225766053586,1.9372112722218178,4.558075937419785,4.87463407629278,12.822604572732576,10.57373268080341,13.857406219317452,15.0,30.0,2036.0,9.36466468422619,25.597324230458312,Hydropower,0%,,,,
334,5.928795400425098,0.4700779673645389,1.7496527760546308,4.574187149980137,4.891864211734872,12.867928018564761,10.61110714694124,13.906387328934713,15.0,30.0,2036.0,9.36466468422619,25.597324230458312,Hydropower,-10%,0.0,0.0,-0.0,-0.0
335,5.8871771545600415,0.4667781705086514,2.123453167784604,4.542077820414302,4.85752489088601,12.7775992829818,10.536620571454053,13.808768941410529,15.0,30.0,2036.0,9.361968329226189,25.597324230458312,Hydropower,+10%,-0.00028792862221142167,0.0,-0.00299491460209727,0.0
336,5.907912983551643,0.46842225766053586,1.9372112722218178,4.558075937419785,4.87463407629278,12.822604572732576,10.57373268080341,13.857406219317452,15.0,30.0,2036.0,9.36466468422619,25.597324230458312,Lignite,0%,,,,
337,5.957283438631673,0.47233670597666744,1.9533998996376294,4.136549629734599,4.915369764744053,12.929758795353928,10.662093832330056,13.97320793359139,15.0,30.0,2036.0,9.36466468422619,25.597324230458312,Lignite,-10%,0.0,0.0,-0.0,-0.0
338,5.859354109054726,0.46457215734852586,1.9212887629865378,4.97267294769351,4.834568025051315,12.717211814256876,10.48682406186461,13.743508121743899,15.0,30.0,2036.0,9.355511879226189,25.597324230458312,Lignite,+10%,-0.000977376692987001,0.0,-0.010745270891263129,0.0
339,5.907912983551643,0.46842225766053586,1.9372112722218178,4.558075937419785,4.87463407629278,12.822604572732576,10.57373268080341,13.857406219317452,15.0,30.0,2036.0,9.36466468422619,25.597324230458312,Mineral oil,0%,,,,
340,5.96074287507686,0.472610995228117,1.9545342527155791,4.598835281372211,4.426401739123305,12.93726719734032,10.668285385303072,13.981322273840531,15.0,30.0,2036.0,9.36466468422619,25.597324230458312,Mineral oil,-10%,0.0,0.0,-0.0,-0.0
341,5.856011324724988,0.46430711712417444,1.9201926602676578,4.518032744016532,5.314990873689203,12.709956595408611,10.480841287912005,13.735667396856831,15.0,30.0,2036.0,9.355511879226189,25.597324230458312,Mineral oil,+10%,-0.000977376692987001,0.0,-0.010819303258579565,0.0
342,5.907912983551643,0.46842225766053586,1.9372112722218178,4.558075937419785,4.87463407629278,12.822604572732576,10.57373268080341,13.857406219317452,15.0,30.0,2036.0,9.36466468422619,25.597324230458312,Natural gas,0%,,,,
343,6.048936847703522,0.4796036540375563,1.9834531549387606,4.6668787386090145,4.99099322641553,11.815815999580757,10.826131225823868,14.188187152890988,15.0,30.0,2036.0,9.3780813485119,25.597324230458312,Natural gas,-10%,0.001432690303189317,0.0,-0.01824695047488855,-0.0
344,5.773314921173348,0.45775034552650307,1.8930764170903365,4.454230773982559,4.763576871608329,13.783518471850392,10.33283476390711,13.541697434861426,15.0,30.0,2036.0,9.361968329226189,25.52751070930831,Natural gas,+10%,-0.00028792862221142167,-0.0027273757413648647,-0.0038421703247067877,-0.036394582995304486
345,5.907912983551643,0.46842225766053586,1.9372112722218178,4.558075937419785,4.87463407629278,12.822604572732576,10.57373268080341,13.857406219317452,15.0,30.0,2036.0,9.36466468422619,25.597324230458312,Nuclear,0%,,,,
346,6.023718787558881,0.4776041830399873,1.9751841248241027,4.647422488414789,4.970185740648337,13.073950866448548,9.702897307929124,14.12903650113623,15.0,30.0,2036.0,9.36466468422619,25.597324230458312,Nuclear,-10%,0.0,0.0,-0.0,-0.0
347,5.7964759165831605,0.45958671748894314,1.9006709333786915,4.472099956578524,4.782687068014381,12.580740237821036,11.411716066847257,13.596023103288008,15.0,30.0,2036.0,9.37235133517857,25.597324230458312,Nuclear,+10%,0.0008208143282831051,0.0,0.010357092315174657,0.0
348,5.907912983551643,0.46842225766053586,1.9372112722218178,4.558075937419785,4.87463407629278,12.822604572732576,10.57373268080341,13.857406219317452,15.0,30.0,2036.0,9.36466468422619,25.597324230458312,Other,0%,,,,
349,6.06061181977756,0.48052933063304276,1.9872813913341967,4.6758862188188415,5.00062627566157,13.154023942160103,10.847026596847511,12.794014424767173,15.0,30.0,2036.0,9.36466468422619,25.611103443308313,Other,-10%,0.0,0.0005383067669863853,-0.0,-0.007014851514716203
350,5.7627196257657,0.4569102735401268,1.8896022078808643,4.44605628644662,4.754834666334435,12.50747518293625,10.313871752497409,14.868530004598595,15.0,30.0,2036.0,9.371569805178568,25.597324230458312,Other,+10%,0.0007373591244553005,0.0,0.010105473796421743,0.0
351,5.907912983551643,0.46842225766053586,1.9372112722218178,4.558075937419785,4.87463407629278,12.822604572732576,10.57373268080341,13.857406219317452,15.0,30.0,2036.0,9.36466468422619,25.597324230458312,Solar,0%,,,,
352,5.907912983551643,0.46842225766053586,1.9372112722218178,4.558075937419785,4.87463407629278,12.822604572732576,10.57373268080341,13.857406219317452,15.0,30.0,2036.0,9.36466468422619,25.597324230458312,Solar,-10%,0.0,0.0,,
353,5.746788084000235,0.4556471051788849,1.884378237524859,4.433764775490155,4.741689510575704,12.472897175294415,10.285358153145134,13.479476958790611,16.5,30.0,2036.0,9.371569805178568,25.597324230458312,Solar,+10%,0.0007373591244553005,0.0,0.007373591244553004,0.0
354,5.907912983551643,0.46842225766053586,1.9372112722218178,4.558075937419785,4.87463407629278,12.822604572732576,10.57373268080341,13.857406219317452,15.0,30.0,2036.0,9.36466468422619,25.597324230458312,Wind,0%,,,,
355,5.907912983551643,0.46842225766053586,1.9372112722218178,4.558075937419785,4.87463407629278,12.822604572732576,10.57373268080341,13.857406219317452,15.0,30.0,2036.0,9.36466468422619,25.597324230458312,Wind,-10%,0.0,0.0,,
356,5.585663184448826,0.4428719526972339,1.8315452028279005,4.309453613560524,4.608744944858628,12.123189777856254,9.99698362548686,13.101547698263772,15.0,33.0,2036.0,9.375384993511899,25.597324230458312,Wind,+10%,0.0011447616809778956,0.0,0.011447616809778955,0.0
